[2026-04-29T18:46:26.327+0000] {manager.py:483} INFO - Processing files using up to 2 processes at a time 
[2026-04-29T18:46:26.329+0000] {manager.py:484} INFO - Process each file at most once every 30 seconds
[2026-04-29T18:46:26.330+0000] {manager.py:485} INFO - Checking for new files in /opt/airflow/dags every 300 seconds
[2026-04-29T18:46:26.331+0000] {manager.py:821} INFO - Searching for files in /opt/airflow/dags
[2026-04-29T18:46:26.342+0000] {manager.py:824} INFO - There are 0 files in /opt/airflow/dags
[2026-04-29T18:51:27.095+0000] {manager.py:821} INFO - Searching for files in /opt/airflow/dags
[2026-04-29T18:51:27.128+0000] {manager.py:824} INFO - There are 0 files in /opt/airflow/dags
[2026-04-29T19:11:32.609+0000] {manager.py:821} INFO - Searching for files in /opt/airflow/dags
[2026-04-29T19:11:33.547+0000] {manager.py:824} INFO - There are 0 files in /opt/airflow/dags
[2026-04-29T19:16:32.689+0000] {manager.py:821} INFO - Searching for files in /opt/airflow/dags
[2026-04-29T19:16:32.723+0000] {manager.py:824} INFO - There are 0 files in /opt/airflow/dags
[2026-04-29T19:21:33.001+0000] {manager.py:821} INFO - Searching for files in /opt/airflow/dags
[2026-04-29T19:21:33.071+0000] {manager.py:824} INFO - There are 0 files in /opt/airflow/dags
[2026-04-29T19:26:33.446+0000] {manager.py:821} INFO - Searching for files in /opt/airflow/dags
[2026-04-29T19:26:33.502+0000] {manager.py:824} INFO - There are 0 files in /opt/airflow/dags
[2026-04-29T19:31:53.117+0000] {manager.py:483} INFO - Processing files using up to 2 processes at a time 
[2026-04-29T19:31:53.119+0000] {manager.py:484} INFO - Process each file at most once every 30 seconds
[2026-04-29T19:31:53.121+0000] {manager.py:485} INFO - Checking for new files in /opt/airflow/dags every 300 seconds
[2026-04-29T19:31:53.122+0000] {manager.py:821} INFO - Searching for files in /opt/airflow/dags
[2026-04-29T19:31:53.132+0000] {manager.py:824} INFO - There are 0 files in /opt/airflow/dags
[2026-04-29T19:37:02.797+0000] {manager.py:483} INFO - Processing files using up to 2 processes at a time 
[2026-04-29T19:37:02.799+0000] {manager.py:484} INFO - Process each file at most once every 30 seconds
[2026-04-29T19:37:02.800+0000] {manager.py:485} INFO - Checking for new files in /opt/airflow/dags every 300 seconds
[2026-04-29T19:37:02.801+0000] {manager.py:821} INFO - Searching for files in /opt/airflow/dags
[2026-04-29T19:37:02.809+0000] {manager.py:824} INFO - There are 0 files in /opt/airflow/dags
[2026-04-29T19:40:03.756+0000] {manager.py:483} INFO - Processing files using up to 2 processes at a time 
[2026-04-29T19:40:03.758+0000] {manager.py:484} INFO - Process each file at most once every 30 seconds
[2026-04-29T19:40:03.759+0000] {manager.py:485} INFO - Checking for new files in /opt/airflow/dags every 300 seconds
[2026-04-29T19:40:03.760+0000] {manager.py:821} INFO - Searching for files in /opt/airflow/dags
[2026-04-29T19:40:03.768+0000] {manager.py:824} INFO - There are 0 files in /opt/airflow/dags
[2026-04-29T19:45:04.059+0000] {manager.py:821} INFO - Searching for files in /opt/airflow/dags
[2026-04-29T19:45:04.085+0000] {manager.py:824} INFO - There are 0 files in /opt/airflow/dags
[2026-04-29T19:50:04.619+0000] {manager.py:821} INFO - Searching for files in /opt/airflow/dags
[2026-04-29T19:50:04.750+0000] {manager.py:824} INFO - There are 1 files in /opt/airflow/dags
[2026-04-29T19:50:09.454+0000] {manager.py:997} INFO - 
================================================================================
DAG File Processing Stats

File Path                       PID  Runtime      # DAGs    # Errors  Last Runtime    Last Run      Last # of DB Queries
----------------------------  -----  ---------  --------  ----------  --------------  ----------  ----------------------
/opt/airflow/dags/etl-dag.py    318  4.09s             0           0                                                   0
================================================================================
[2026-04-29T19:50:39.733+0000] {manager.py:997} INFO - 
================================================================================
DAG File Processing Stats

File Path                     PID    Runtime      # DAGs    # Errors  Last Runtime    Last Run               Last # of DB Queries
----------------------------  -----  ---------  --------  ----------  --------------  -------------------  ----------------------
/opt/airflow/dags/etl-dag.py                           1           0  11.84s          2026-04-29T19:50:17                      45
================================================================================
[2026-04-29T19:51:09.795+0000] {manager.py:997} INFO - 
================================================================================
DAG File Processing Stats

File Path                     PID    Runtime      # DAGs    # Errors  Last Runtime    Last Run               Last # of DB Queries
----------------------------  -----  ---------  --------  ----------  --------------  -------------------  ----------------------
/opt/airflow/dags/etl-dag.py                           1           0  1.07s           2026-04-29T19:50:48                      12
================================================================================
[2026-04-29T19:51:40.092+0000] {manager.py:997} INFO - 
================================================================================
DAG File Processing Stats

File Path                     PID    Runtime      # DAGs    # Errors  Last Runtime    Last Run               Last # of DB Queries
----------------------------  -----  ---------  --------  ----------  --------------  -------------------  ----------------------
/opt/airflow/dags/etl-dag.py                           1           0  1.29s           2026-04-29T19:51:20                      12
================================================================================
[2026-04-29T19:52:10.234+0000] {manager.py:997} INFO - 
================================================================================
DAG File Processing Stats

File Path                     PID    Runtime      # DAGs    # Errors  Last Runtime    Last Run               Last # of DB Queries
----------------------------  -----  ---------  --------  ----------  --------------  -------------------  ----------------------
/opt/airflow/dags/etl-dag.py                           1           0  1.50s           2026-04-29T19:51:47                      12
================================================================================
[2026-04-29T19:52:40.430+0000] {manager.py:997} INFO - 
================================================================================
DAG File Processing Stats

File Path                       PID  Runtime      # DAGs    # Errors  Last Runtime    Last Run               Last # of DB Queries
----------------------------  -----  ---------  --------  ----------  --------------  -------------------  ----------------------
/opt/airflow/dags/etl-dag.py    394  0.01s             1           0  2.26s           2026-04-29T19:52:38                      12
================================================================================
[2026-04-29T19:53:10.525+0000] {manager.py:997} INFO - 
================================================================================
DAG File Processing Stats

File Path                     PID    Runtime      # DAGs    # Errors  Last Runtime    Last Run               Last # of DB Queries
----------------------------  -----  ---------  --------  ----------  --------------  -------------------  ----------------------
/opt/airflow/dags/etl-dag.py                           1           0  0.77s           2026-04-29T19:52:41                      12
================================================================================
[2026-04-29T19:53:40.609+0000] {manager.py:997} INFO - 
================================================================================
DAG File Processing Stats

File Path                     PID    Runtime      # DAGs    # Errors  Last Runtime    Last Run               Last # of DB Queries
----------------------------  -----  ---------  --------  ----------  --------------  -------------------  ----------------------
/opt/airflow/dags/etl-dag.py                           1           0  0.73s           2026-04-29T19:53:12                      12
================================================================================
[2026-04-29T19:54:10.927+0000] {manager.py:997} INFO - 
================================================================================
DAG File Processing Stats

File Path                     PID    Runtime      # DAGs    # Errors  Last Runtime    Last Run               Last # of DB Queries
----------------------------  -----  ---------  --------  ----------  --------------  -------------------  ----------------------
/opt/airflow/dags/etl-dag.py                           1           0  1.13s           2026-04-29T19:53:43                      12
================================================================================
[2026-04-29T19:54:41.115+0000] {manager.py:997} INFO - 
================================================================================
DAG File Processing Stats

File Path                     PID    Runtime      # DAGs    # Errors  Last Runtime    Last Run               Last # of DB Queries
----------------------------  -----  ---------  --------  ----------  --------------  -------------------  ----------------------
/opt/airflow/dags/etl-dag.py                           1           0  0.86s           2026-04-29T19:54:14                      12
================================================================================
[2026-04-29T19:55:05.268+0000] {manager.py:821} INFO - Searching for files in /opt/airflow/dags
[2026-04-29T19:55:05.311+0000] {manager.py:824} INFO - There are 1 files in /opt/airflow/dags
[2026-04-29T19:55:11.380+0000] {manager.py:997} INFO - 
================================================================================
DAG File Processing Stats

File Path                     PID    Runtime      # DAGs    # Errors  Last Runtime    Last Run               Last # of DB Queries
----------------------------  -----  ---------  --------  ----------  --------------  -------------------  ----------------------
/opt/airflow/dags/etl-dag.py                           1           0  0.92s           2026-04-29T19:54:46                      12
================================================================================
[2026-04-29T19:55:41.740+0000] {manager.py:997} INFO - 
================================================================================
DAG File Processing Stats

File Path                     PID    Runtime      # DAGs    # Errors  Last Runtime    Last Run               Last # of DB Queries
----------------------------  -----  ---------  --------  ----------  --------------  -------------------  ----------------------
/opt/airflow/dags/etl-dag.py                           1           0  1.09s           2026-04-29T19:55:17                      12
================================================================================
[2026-04-29T19:56:11.892+0000] {manager.py:997} INFO - 
================================================================================
DAG File Processing Stats

File Path                     PID    Runtime      # DAGs    # Errors  Last Runtime    Last Run               Last # of DB Queries
----------------------------  -----  ---------  --------  ----------  --------------  -------------------  ----------------------
/opt/airflow/dags/etl-dag.py                           1           0  0.81s           2026-04-29T19:55:48                      12
================================================================================
[2026-04-29T19:56:42.054+0000] {manager.py:997} INFO - 
================================================================================
DAG File Processing Stats

File Path                     PID    Runtime      # DAGs    # Errors  Last Runtime    Last Run               Last # of DB Queries
----------------------------  -----  ---------  --------  ----------  --------------  -------------------  ----------------------
/opt/airflow/dags/etl-dag.py                           1           0  0.90s           2026-04-29T19:56:19                      12
================================================================================
[2026-04-29T19:57:12.232+0000] {manager.py:997} INFO - 
================================================================================
DAG File Processing Stats

File Path                     PID    Runtime      # DAGs    # Errors  Last Runtime    Last Run               Last # of DB Queries
----------------------------  -----  ---------  --------  ----------  --------------  -------------------  ----------------------
/opt/airflow/dags/etl-dag.py                           1           0  0.86s           2026-04-29T19:56:50                      12
================================================================================
[2026-04-29T19:57:42.439+0000] {manager.py:997} INFO - 
================================================================================
DAG File Processing Stats

File Path                     PID    Runtime      # DAGs    # Errors  Last Runtime    Last Run               Last # of DB Queries
----------------------------  -----  ---------  --------  ----------  --------------  -------------------  ----------------------
/opt/airflow/dags/etl-dag.py                           1           0  0.87s           2026-04-29T19:57:22                      12
================================================================================
[2026-04-29T19:58:13.337+0000] {manager.py:997} INFO - 
================================================================================
DAG File Processing Stats

File Path                     PID    Runtime      # DAGs    # Errors  Last Runtime    Last Run               Last # of DB Queries
----------------------------  -----  ---------  --------  ----------  --------------  -------------------  ----------------------
/opt/airflow/dags/etl-dag.py                           1           0  1.43s           2026-04-29T19:57:53                      12
================================================================================
[2026-04-29T19:58:43.575+0000] {manager.py:997} INFO - 
================================================================================
DAG File Processing Stats

File Path                     PID    Runtime      # DAGs    # Errors  Last Runtime    Last Run               Last # of DB Queries
----------------------------  -----  ---------  --------  ----------  --------------  -------------------  ----------------------
/opt/airflow/dags/etl-dag.py                           1           0  0.87s           2026-04-29T19:58:24                      12
================================================================================
[2026-04-29T19:59:13.675+0000] {manager.py:997} INFO - 
================================================================================
DAG File Processing Stats

File Path                     PID    Runtime      # DAGs    # Errors  Last Runtime    Last Run               Last # of DB Queries
----------------------------  -----  ---------  --------  ----------  --------------  -------------------  ----------------------
/opt/airflow/dags/etl-dag.py                           1           0  0.73s           2026-04-29T19:58:55                      12
================================================================================
[2026-04-29T19:59:43.678+0000] {manager.py:997} INFO - 
================================================================================
DAG File Processing Stats

File Path                     PID    Runtime      # DAGs    # Errors  Last Runtime    Last Run               Last # of DB Queries
----------------------------  -----  ---------  --------  ----------  --------------  -------------------  ----------------------
/opt/airflow/dags/etl-dag.py                           1           0  0.67s           2026-04-29T19:59:26                      12
================================================================================
[2026-04-29T20:00:05.589+0000] {manager.py:821} INFO - Searching for files in /opt/airflow/dags
[2026-04-29T20:00:05.635+0000] {manager.py:824} INFO - There are 1 files in /opt/airflow/dags
[2026-04-29T20:00:13.747+0000] {manager.py:997} INFO - 
================================================================================
DAG File Processing Stats

File Path                     PID    Runtime      # DAGs    # Errors  Last Runtime    Last Run               Last # of DB Queries
----------------------------  -----  ---------  --------  ----------  --------------  -------------------  ----------------------
/opt/airflow/dags/etl-dag.py                           1           0  0.89s           2026-04-29T19:59:57                      12
================================================================================
[2026-04-29T20:00:43.906+0000] {manager.py:997} INFO - 
================================================================================
DAG File Processing Stats

File Path                     PID    Runtime      # DAGs    # Errors  Last Runtime    Last Run               Last # of DB Queries
----------------------------  -----  ---------  --------  ----------  --------------  -------------------  ----------------------
/opt/airflow/dags/etl-dag.py                           1           0  0.81s           2026-04-29T20:00:28                      12
================================================================================
[2026-04-29T20:01:14.539+0000] {manager.py:997} INFO - 
================================================================================
DAG File Processing Stats

File Path                     PID    Runtime      # DAGs    # Errors  Last Runtime    Last Run               Last # of DB Queries
----------------------------  -----  ---------  --------  ----------  --------------  -------------------  ----------------------
/opt/airflow/dags/etl-dag.py                           1           0  0.62s           2026-04-29T20:00:59                      12
================================================================================
[2026-04-29T20:01:45.241+0000] {manager.py:997} INFO - 
================================================================================
DAG File Processing Stats

File Path                     PID    Runtime      # DAGs    # Errors  Last Runtime    Last Run               Last # of DB Queries
----------------------------  -----  ---------  --------  ----------  --------------  -------------------  ----------------------
/opt/airflow/dags/etl-dag.py                           1           0  0.63s           2026-04-29T20:01:30                      12
================================================================================
[2026-04-29T20:02:15.831+0000] {manager.py:997} INFO - 
================================================================================
DAG File Processing Stats

File Path                     PID    Runtime      # DAGs    # Errors  Last Runtime    Last Run               Last # of DB Queries
----------------------------  -----  ---------  --------  ----------  --------------  -------------------  ----------------------
/opt/airflow/dags/etl-dag.py                           1           0  0.64s           2026-04-29T20:02:01                      12
================================================================================
[2026-04-29T20:02:45.937+0000] {manager.py:997} INFO - 
================================================================================
DAG File Processing Stats

File Path                     PID    Runtime      # DAGs    # Errors  Last Runtime    Last Run               Last # of DB Queries
----------------------------  -----  ---------  --------  ----------  --------------  -------------------  ----------------------
/opt/airflow/dags/etl-dag.py                           1           0  1.16s           2026-04-29T20:02:32                      12
================================================================================
[2026-04-29T20:03:16.234+0000] {manager.py:997} INFO - 
================================================================================
DAG File Processing Stats

File Path                     PID    Runtime      # DAGs    # Errors  Last Runtime    Last Run               Last # of DB Queries
----------------------------  -----  ---------  --------  ----------  --------------  -------------------  ----------------------
/opt/airflow/dags/etl-dag.py                           1           0  0.81s           2026-04-29T20:03:03                      12
================================================================================
[2026-04-29T20:03:46.522+0000] {manager.py:997} INFO - 
================================================================================
DAG File Processing Stats

File Path                     PID    Runtime      # DAGs    # Errors  Last Runtime    Last Run               Last # of DB Queries
----------------------------  -----  ---------  --------  ----------  --------------  -------------------  ----------------------
/opt/airflow/dags/etl-dag.py                           1           0  0.74s           2026-04-29T20:03:34                      12
================================================================================
[2026-04-29T20:04:16.794+0000] {manager.py:997} INFO - 
================================================================================
DAG File Processing Stats

File Path                     PID    Runtime      # DAGs    # Errors  Last Runtime    Last Run               Last # of DB Queries
----------------------------  -----  ---------  --------  ----------  --------------  -------------------  ----------------------
/opt/airflow/dags/etl-dag.py                           1           0  0.65s           2026-04-29T20:04:05                      12
================================================================================
[2026-04-29T20:04:47.460+0000] {manager.py:997} INFO - 
================================================================================
DAG File Processing Stats

File Path                     PID    Runtime      # DAGs    # Errors  Last Runtime    Last Run               Last # of DB Queries
----------------------------  -----  ---------  --------  ----------  --------------  -------------------  ----------------------
/opt/airflow/dags/etl-dag.py                           1           0  0.60s           2026-04-29T20:04:36                      12
================================================================================
[2026-04-29T20:05:05.626+0000] {manager.py:821} INFO - Searching for files in /opt/airflow/dags
[2026-04-29T20:05:05.673+0000] {manager.py:824} INFO - There are 1 files in /opt/airflow/dags
[2026-04-29T20:05:17.588+0000] {manager.py:997} INFO - 
================================================================================
DAG File Processing Stats

File Path                     PID    Runtime      # DAGs    # Errors  Last Runtime    Last Run               Last # of DB Queries
----------------------------  -----  ---------  --------  ----------  --------------  -------------------  ----------------------
/opt/airflow/dags/etl-dag.py                           1           0  0.79s           2026-04-29T20:05:07                      12
================================================================================
[2026-04-29T20:05:48.508+0000] {manager.py:997} INFO - 
================================================================================
DAG File Processing Stats

File Path                     PID    Runtime      # DAGs    # Errors  Last Runtime    Last Run               Last # of DB Queries
----------------------------  -----  ---------  --------  ----------  --------------  -------------------  ----------------------
/opt/airflow/dags/etl-dag.py                           1           0  0.64s           2026-04-29T20:05:38                      12
================================================================================
[2026-04-29T20:06:18.934+0000] {manager.py:997} INFO - 
================================================================================
DAG File Processing Stats

File Path                     PID    Runtime      # DAGs    # Errors  Last Runtime    Last Run               Last # of DB Queries
----------------------------  -----  ---------  --------  ----------  --------------  -------------------  ----------------------
/opt/airflow/dags/etl-dag.py                           1           0  0.63s           2026-04-29T20:06:09                      12
================================================================================
[2026-04-29T20:06:49.270+0000] {manager.py:997} INFO - 
================================================================================
DAG File Processing Stats

File Path                     PID    Runtime      # DAGs    # Errors  Last Runtime    Last Run               Last # of DB Queries
----------------------------  -----  ---------  --------  ----------  --------------  -------------------  ----------------------
/opt/airflow/dags/etl-dag.py                           1           0  0.66s           2026-04-29T20:06:40                      12
================================================================================
[2026-04-29T20:07:19.586+0000] {manager.py:997} INFO - 
================================================================================
DAG File Processing Stats

File Path                     PID    Runtime      # DAGs    # Errors  Last Runtime    Last Run               Last # of DB Queries
----------------------------  -----  ---------  --------  ----------  --------------  -------------------  ----------------------
/opt/airflow/dags/etl-dag.py                           1           0  0.97s           2026-04-29T20:07:11                      12
================================================================================
[2026-04-29T20:07:50.091+0000] {manager.py:997} INFO - 
================================================================================
DAG File Processing Stats

File Path                     PID    Runtime      # DAGs    # Errors  Last Runtime    Last Run               Last # of DB Queries
----------------------------  -----  ---------  --------  ----------  --------------  -------------------  ----------------------
/opt/airflow/dags/etl-dag.py                           1           0  1.22s           2026-04-29T20:07:43                      12
================================================================================
[2026-04-29T20:08:20.274+0000] {manager.py:997} INFO - 
================================================================================
DAG File Processing Stats

File Path                     PID    Runtime      # DAGs    # Errors  Last Runtime    Last Run               Last # of DB Queries
----------------------------  -----  ---------  --------  ----------  --------------  -------------------  ----------------------
/opt/airflow/dags/etl-dag.py                           1           0  0.82s           2026-04-29T20:08:14                      12
================================================================================
[2026-04-29T20:08:50.313+0000] {manager.py:997} INFO - 
================================================================================
DAG File Processing Stats

File Path                     PID    Runtime      # DAGs    # Errors  Last Runtime    Last Run               Last # of DB Queries
----------------------------  -----  ---------  --------  ----------  --------------  -------------------  ----------------------
/opt/airflow/dags/etl-dag.py                           1           0  0.70s           2026-04-29T20:08:45                      12
================================================================================
[2026-04-29T20:09:20.635+0000] {manager.py:997} INFO - 
================================================================================
DAG File Processing Stats

File Path                     PID    Runtime      # DAGs    # Errors  Last Runtime    Last Run               Last # of DB Queries
----------------------------  -----  ---------  --------  ----------  --------------  -------------------  ----------------------
/opt/airflow/dags/etl-dag.py                           1           0  0.98s           2026-04-29T20:09:16                      12
================================================================================
[2026-04-29T20:09:50.738+0000] {manager.py:997} INFO - 
================================================================================
DAG File Processing Stats

File Path                     PID    Runtime      # DAGs    # Errors  Last Runtime    Last Run               Last # of DB Queries
----------------------------  -----  ---------  --------  ----------  --------------  -------------------  ----------------------
/opt/airflow/dags/etl-dag.py                           1           0  0.78s           2026-04-29T20:09:47                      12
================================================================================
[2026-04-29T20:10:05.875+0000] {manager.py:821} INFO - Searching for files in /opt/airflow/dags
[2026-04-29T20:10:05.925+0000] {manager.py:824} INFO - There are 1 files in /opt/airflow/dags
[2026-04-29T20:10:20.813+0000] {manager.py:997} INFO - 
================================================================================
DAG File Processing Stats

File Path                     PID    Runtime      # DAGs    # Errors  Last Runtime    Last Run               Last # of DB Queries
----------------------------  -----  ---------  --------  ----------  --------------  -------------------  ----------------------
/opt/airflow/dags/etl-dag.py                           1           0  0.69s           2026-04-29T20:10:18                      12
================================================================================
[2026-04-29T20:10:51.146+0000] {manager.py:997} INFO - 
================================================================================
DAG File Processing Stats

File Path                     PID    Runtime      # DAGs    # Errors  Last Runtime    Last Run               Last # of DB Queries
----------------------------  -----  ---------  --------  ----------  --------------  -------------------  ----------------------
/opt/airflow/dags/etl-dag.py                           1           0  0.62s           2026-04-29T20:10:49                      12
================================================================================
[2026-04-29T20:11:21.519+0000] {manager.py:997} INFO - 
================================================================================
DAG File Processing Stats

File Path                     PID    Runtime      # DAGs    # Errors  Last Runtime    Last Run               Last # of DB Queries
----------------------------  -----  ---------  --------  ----------  --------------  -------------------  ----------------------
/opt/airflow/dags/etl-dag.py                           1           0  0.60s           2026-04-29T20:11:20                      12
================================================================================
[2026-04-29T20:11:51.992+0000] {manager.py:997} INFO - 
================================================================================
DAG File Processing Stats

File Path                     PID    Runtime      # DAGs    # Errors  Last Runtime    Last Run               Last # of DB Queries
----------------------------  -----  ---------  --------  ----------  --------------  -------------------  ----------------------
/opt/airflow/dags/etl-dag.py                           1           0  0.63s           2026-04-29T20:11:51                      12
================================================================================
[2026-04-29T20:12:22.351+0000] {manager.py:997} INFO - 
================================================================================
DAG File Processing Stats

File Path                       PID  Runtime      # DAGs    # Errors  Last Runtime    Last Run               Last # of DB Queries
----------------------------  -----  ---------  --------  ----------  --------------  -------------------  ----------------------
/opt/airflow/dags/etl-dag.py    895  0.53s             1           0  0.63s           2026-04-29T20:11:51                      12
================================================================================
[2026-04-29T20:12:52.705+0000] {manager.py:997} INFO - 
================================================================================
DAG File Processing Stats

File Path                       PID  Runtime      # DAGs    # Errors  Last Runtime    Last Run               Last # of DB Queries
----------------------------  -----  ---------  --------  ----------  --------------  -------------------  ----------------------
/opt/airflow/dags/etl-dag.py    908  0.01s             1           0  0.60s           2026-04-29T20:12:22                      12
================================================================================
[2026-04-29T20:13:23.049+0000] {manager.py:997} INFO - 
================================================================================
DAG File Processing Stats

File Path                     PID    Runtime      # DAGs    # Errors  Last Runtime    Last Run               Last # of DB Queries
----------------------------  -----  ---------  --------  ----------  --------------  -------------------  ----------------------
/opt/airflow/dags/etl-dag.py                           1           0  0.67s           2026-04-29T20:12:53                      12
================================================================================
[2026-04-29T20:13:53.376+0000] {manager.py:997} INFO - 
================================================================================
DAG File Processing Stats

File Path                     PID    Runtime      # DAGs    # Errors  Last Runtime    Last Run               Last # of DB Queries
----------------------------  -----  ---------  --------  ----------  --------------  -------------------  ----------------------
/opt/airflow/dags/etl-dag.py                           1           0  0.69s           2026-04-29T20:13:24                      12
================================================================================
[2026-04-29T20:14:23.688+0000] {manager.py:997} INFO - 
================================================================================
DAG File Processing Stats

File Path                     PID    Runtime      # DAGs    # Errors  Last Runtime    Last Run               Last # of DB Queries
----------------------------  -----  ---------  --------  ----------  --------------  -------------------  ----------------------
/opt/airflow/dags/etl-dag.py                           1           0  0.90s           2026-04-29T20:13:55                      12
================================================================================
[2026-04-29T20:14:54.225+0000] {manager.py:997} INFO - 
================================================================================
DAG File Processing Stats

File Path                     PID    Runtime      # DAGs    # Errors  Last Runtime    Last Run               Last # of DB Queries
----------------------------  -----  ---------  --------  ----------  --------------  -------------------  ----------------------
/opt/airflow/dags/etl-dag.py                           1           0  1.55s           2026-04-29T20:14:27                      12
================================================================================
[2026-04-29T20:15:06.369+0000] {manager.py:821} INFO - Searching for files in /opt/airflow/dags
[2026-04-29T20:15:06.422+0000] {manager.py:824} INFO - There are 1 files in /opt/airflow/dags
[2026-04-29T20:15:24.629+0000] {manager.py:997} INFO - 
================================================================================
DAG File Processing Stats

File Path                     PID    Runtime      # DAGs    # Errors  Last Runtime    Last Run               Last # of DB Queries
----------------------------  -----  ---------  --------  ----------  --------------  -------------------  ----------------------
/opt/airflow/dags/etl-dag.py                           1           0  0.80s           2026-04-29T20:14:58                      12
================================================================================
[2026-04-29T20:15:54.940+0000] {manager.py:997} INFO - 
================================================================================
DAG File Processing Stats

File Path                     PID    Runtime      # DAGs    # Errors  Last Runtime    Last Run               Last # of DB Queries
----------------------------  -----  ---------  --------  ----------  --------------  -------------------  ----------------------
/opt/airflow/dags/etl-dag.py                           1           0  1.22s           2026-04-29T20:15:29                      12
================================================================================
[2026-04-29T20:16:25.024+0000] {manager.py:997} INFO - 
================================================================================
DAG File Processing Stats

File Path                     PID    Runtime      # DAGs    # Errors  Last Runtime    Last Run               Last # of DB Queries
----------------------------  -----  ---------  --------  ----------  --------------  -------------------  ----------------------
/opt/airflow/dags/etl-dag.py                           1           0  0.74s           2026-04-29T20:16:00                      12
================================================================================
[2026-04-29T20:16:55.158+0000] {manager.py:997} INFO - 
================================================================================
DAG File Processing Stats

File Path                     PID    Runtime      # DAGs    # Errors  Last Runtime    Last Run               Last # of DB Queries
----------------------------  -----  ---------  --------  ----------  --------------  -------------------  ----------------------
/opt/airflow/dags/etl-dag.py                           1           0  0.81s           2026-04-29T20:16:31                      12
================================================================================
[2026-04-29T20:17:25.209+0000] {manager.py:997} INFO - 
================================================================================
DAG File Processing Stats

File Path                     PID    Runtime      # DAGs    # Errors  Last Runtime    Last Run               Last # of DB Queries
----------------------------  -----  ---------  --------  ----------  --------------  -------------------  ----------------------
/opt/airflow/dags/etl-dag.py                           1           0  0.77s           2026-04-29T20:17:03                      12
================================================================================
[2026-04-29T20:17:55.498+0000] {manager.py:997} INFO - 
================================================================================
DAG File Processing Stats

File Path                     PID    Runtime      # DAGs    # Errors  Last Runtime    Last Run               Last # of DB Queries
----------------------------  -----  ---------  --------  ----------  --------------  -------------------  ----------------------
/opt/airflow/dags/etl-dag.py                           1           0  1.66s           2026-04-29T20:17:34                      12
================================================================================
[2026-04-29T20:18:26.396+0000] {manager.py:997} INFO - 
================================================================================
DAG File Processing Stats

File Path                     PID    Runtime      # DAGs    # Errors  Last Runtime    Last Run               Last # of DB Queries
----------------------------  -----  ---------  --------  ----------  --------------  -------------------  ----------------------
/opt/airflow/dags/etl-dag.py                           1           0  1.14s           2026-04-29T20:18:06                      12
================================================================================
[2026-04-29T20:18:56.837+0000] {manager.py:997} INFO - 
================================================================================
DAG File Processing Stats

File Path                     PID    Runtime      # DAGs    # Errors  Last Runtime    Last Run               Last # of DB Queries
----------------------------  -----  ---------  --------  ----------  --------------  -------------------  ----------------------
/opt/airflow/dags/etl-dag.py                           1           0  4.69s           2026-04-29T20:18:41                      12
================================================================================
[2026-04-29T20:19:30.525+0000] {manager.py:997} INFO - 
================================================================================
DAG File Processing Stats

File Path                       PID  Runtime      # DAGs    # Errors  Last Runtime    Last Run               Last # of DB Queries
----------------------------  -----  ---------  --------  ----------  --------------  -------------------  ----------------------
/opt/airflow/dags/etl-dag.py   1161  3.78s             1           0  4.69s           2026-04-29T20:18:41                      12
================================================================================
[2026-04-29T20:20:15.664+0000] {manager.py:821} INFO - Searching for files in /opt/airflow/dags
[2026-04-29T20:20:17.445+0000] {manager.py:824} INFO - There are 1 files in /opt/airflow/dags
[2026-04-29T20:20:24.232+0000] {manager.py:1366} ERROR - Processor for /opt/airflow/dags/etl-dag.py with PID 1161 started at 2026-04-29T20:19:26.582413+00:00 has timed out, killing it.
[2026-04-29T20:20:24.296+0000] {manager.py:997} INFO - 
================================================================================
DAG File Processing Stats

File Path                     PID    Runtime      # DAGs    # Errors  Last Runtime    Last Run               Last # of DB Queries
----------------------------  -----  ---------  --------  ----------  --------------  -------------------  ----------------------
/opt/airflow/dags/etl-dag.py                           0           1  57.65s          2026-04-29T20:20:24                       0
================================================================================
[2026-04-29T20:20:54.874+0000] {manager.py:997} INFO - 
================================================================================
DAG File Processing Stats

File Path                       PID  Runtime      # DAGs    # Errors  Last Runtime    Last Run               Last # of DB Queries
----------------------------  -----  ---------  --------  ----------  --------------  -------------------  ----------------------
/opt/airflow/dags/etl-dag.py   1172  0.01s             0           1  57.65s          2026-04-29T20:20:24                       0
================================================================================
[2026-04-29T20:21:25.183+0000] {manager.py:997} INFO - 
================================================================================
DAG File Processing Stats

File Path                     PID    Runtime      # DAGs    # Errors  Last Runtime    Last Run               Last # of DB Queries
----------------------------  -----  ---------  --------  ----------  --------------  -------------------  ----------------------
/opt/airflow/dags/etl-dag.py                           1           0  5.67s           2026-04-29T20:21:00                      34
================================================================================
[2026-04-29T20:21:55.450+0000] {manager.py:997} INFO - 
================================================================================
DAG File Processing Stats

File Path                     PID    Runtime      # DAGs    # Errors  Last Runtime    Last Run               Last # of DB Queries
----------------------------  -----  ---------  --------  ----------  --------------  -------------------  ----------------------
/opt/airflow/dags/etl-dag.py                           1           0  0.92s           2026-04-29T20:21:31                      12
================================================================================
[2026-04-29T20:22:25.474+0000] {manager.py:997} INFO - 
================================================================================
DAG File Processing Stats

File Path                     PID    Runtime      # DAGs    # Errors  Last Runtime    Last Run               Last # of DB Queries
----------------------------  -----  ---------  --------  ----------  --------------  -------------------  ----------------------
/opt/airflow/dags/etl-dag.py                           1           0  2.23s           2026-04-29T20:22:04                      12
================================================================================
[2026-04-29T20:22:55.780+0000] {manager.py:997} INFO - 
================================================================================
DAG File Processing Stats

File Path                     PID    Runtime      # DAGs    # Errors  Last Runtime    Last Run               Last # of DB Queries
----------------------------  -----  ---------  --------  ----------  --------------  -------------------  ----------------------
/opt/airflow/dags/etl-dag.py                           1           0  1.86s           2026-04-29T20:22:36                      12
================================================================================
[2026-04-29T20:23:26.063+0000] {manager.py:997} INFO - 
================================================================================
DAG File Processing Stats

File Path                     PID    Runtime      # DAGs    # Errors  Last Runtime    Last Run               Last # of DB Queries
----------------------------  -----  ---------  --------  ----------  --------------  -------------------  ----------------------
/opt/airflow/dags/etl-dag.py                           1           0  0.99s           2026-04-29T20:23:07                      12
================================================================================
[2026-04-29T20:23:56.313+0000] {manager.py:997} INFO - 
================================================================================
DAG File Processing Stats

File Path                     PID    Runtime      # DAGs    # Errors  Last Runtime    Last Run               Last # of DB Queries
----------------------------  -----  ---------  --------  ----------  --------------  -------------------  ----------------------
/opt/airflow/dags/etl-dag.py                           1           0  0.79s           2026-04-29T20:23:38                      12
================================================================================
[2026-04-29T20:24:26.629+0000] {manager.py:997} INFO - 
================================================================================
DAG File Processing Stats

File Path                     PID    Runtime      # DAGs    # Errors  Last Runtime    Last Run               Last # of DB Queries
----------------------------  -----  ---------  --------  ----------  --------------  -------------------  ----------------------
/opt/airflow/dags/etl-dag.py                           1           0  0.70s           2026-04-29T20:24:09                      12
================================================================================
[2026-04-29T20:24:56.680+0000] {manager.py:997} INFO - 
================================================================================
DAG File Processing Stats

File Path                     PID    Runtime      # DAGs    # Errors  Last Runtime    Last Run               Last # of DB Queries
----------------------------  -----  ---------  --------  ----------  --------------  -------------------  ----------------------
/opt/airflow/dags/etl-dag.py                           1           0  7.51s           2026-04-29T20:24:42                      12
================================================================================
[2026-04-29T20:25:16.014+0000] {manager.py:821} INFO - Searching for files in /opt/airflow/dags
[2026-04-29T20:25:16.068+0000] {manager.py:824} INFO - There are 1 files in /opt/airflow/dags
[2026-04-29T20:25:27.211+0000] {manager.py:997} INFO - 
================================================================================
DAG File Processing Stats

File Path                     PID    Runtime      # DAGs    # Errors  Last Runtime    Last Run               Last # of DB Queries
----------------------------  -----  ---------  --------  ----------  --------------  -------------------  ----------------------
/opt/airflow/dags/etl-dag.py                           1           0  4.41s           2026-04-29T20:25:15                      12
================================================================================
[2026-04-29T20:25:57.707+0000] {manager.py:997} INFO - 
================================================================================
DAG File Processing Stats

File Path                     PID    Runtime      # DAGs    # Errors  Last Runtime    Last Run               Last # of DB Queries
----------------------------  -----  ---------  --------  ----------  --------------  -------------------  ----------------------
/opt/airflow/dags/etl-dag.py                           1           0  2.27s           2026-04-29T20:25:47                      12
================================================================================
[2026-04-29T20:26:34.899+0000] {manager.py:997} INFO - 
================================================================================
DAG File Processing Stats

File Path                       PID  Runtime      # DAGs    # Errors  Last Runtime    Last Run               Last # of DB Queries
----------------------------  -----  ---------  --------  ----------  --------------  -------------------  ----------------------
/opt/airflow/dags/etl-dag.py   1416  16.46s            1           0  2.27s           2026-04-29T20:25:47                      12
================================================================================
[2026-04-29T20:27:10.571+0000] {manager.py:997} INFO - 
================================================================================
DAG File Processing Stats

File Path                       PID  Runtime      # DAGs    # Errors  Last Runtime    Last Run               Last # of DB Queries
----------------------------  -----  ---------  --------  ----------  --------------  -------------------  ----------------------
/opt/airflow/dags/etl-dag.py   1416  50.17s            1           0  2.27s           2026-04-29T20:25:47                      12
================================================================================
[2026-04-29T20:27:16.657+0000] {manager.py:1366} ERROR - Processor for /opt/airflow/dags/etl-dag.py with PID 1416 started at 2026-04-29T20:26:18.397892+00:00 has timed out, killing it.
[2026-04-29T20:27:41.059+0000] {manager.py:997} INFO - 
================================================================================
DAG File Processing Stats

File Path                     PID    Runtime      # DAGs    # Errors  Last Runtime    Last Run               Last # of DB Queries
----------------------------  -----  ---------  --------  ----------  --------------  -------------------  ----------------------
/opt/airflow/dags/etl-dag.py                           0           1  58.26s          2026-04-29T20:27:16                       0
================================================================================
[2026-04-29T20:28:11.390+0000] {manager.py:997} INFO - 
================================================================================
DAG File Processing Stats

File Path                     PID    Runtime      # DAGs    # Errors  Last Runtime    Last Run               Last # of DB Queries
----------------------------  -----  ---------  --------  ----------  --------------  -------------------  ----------------------
/opt/airflow/dags/etl-dag.py                           1           0  4.00s           2026-04-29T20:27:51                      34
================================================================================
[2026-04-29T20:28:41.712+0000] {manager.py:997} INFO - 
================================================================================
DAG File Processing Stats

File Path                     PID    Runtime      # DAGs    # Errors  Last Runtime    Last Run               Last # of DB Queries
----------------------------  -----  ---------  --------  ----------  --------------  -------------------  ----------------------
/opt/airflow/dags/etl-dag.py                           1           0  0.96s           2026-04-29T20:28:22                      12
================================================================================
[2026-04-29T20:29:12.110+0000] {manager.py:997} INFO - 
================================================================================
DAG File Processing Stats

File Path                     PID    Runtime      # DAGs    # Errors  Last Runtime    Last Run               Last # of DB Queries
----------------------------  -----  ---------  --------  ----------  --------------  -------------------  ----------------------
/opt/airflow/dags/etl-dag.py                           1           0  0.63s           2026-04-29T20:28:53                      12
================================================================================
[2026-04-29T20:29:42.451+0000] {manager.py:997} INFO - 
================================================================================
DAG File Processing Stats

File Path                     PID    Runtime      # DAGs    # Errors  Last Runtime    Last Run               Last # of DB Queries
----------------------------  -----  ---------  --------  ----------  --------------  -------------------  ----------------------
/opt/airflow/dags/etl-dag.py                           1           0  0.62s           2026-04-29T20:29:24                      12
================================================================================
[2026-04-29T20:30:12.808+0000] {manager.py:997} INFO - 
================================================================================
DAG File Processing Stats

File Path                     PID    Runtime      # DAGs    # Errors  Last Runtime    Last Run               Last # of DB Queries
----------------------------  -----  ---------  --------  ----------  --------------  -------------------  ----------------------
/opt/airflow/dags/etl-dag.py                           1           0  1.10s           2026-04-29T20:29:55                      12
================================================================================
[2026-04-29T20:30:16.851+0000] {manager.py:821} INFO - Searching for files in /opt/airflow/dags
[2026-04-29T20:30:16.912+0000] {manager.py:824} INFO - There are 1 files in /opt/airflow/dags
[2026-04-29T20:30:43.086+0000] {manager.py:997} INFO - 
================================================================================
DAG File Processing Stats

File Path                     PID    Runtime      # DAGs    # Errors  Last Runtime    Last Run               Last # of DB Queries
----------------------------  -----  ---------  --------  ----------  --------------  -------------------  ----------------------
/opt/airflow/dags/etl-dag.py                           1           0  0.85s           2026-04-29T20:30:26                      12
================================================================================
[2026-04-29T20:31:13.224+0000] {manager.py:997} INFO - 
================================================================================
DAG File Processing Stats

File Path                     PID    Runtime      # DAGs    # Errors  Last Runtime    Last Run               Last # of DB Queries
----------------------------  -----  ---------  --------  ----------  --------------  -------------------  ----------------------
/opt/airflow/dags/etl-dag.py                           1           0  0.81s           2026-04-29T20:30:58                      12
================================================================================
[2026-04-29T20:31:43.578+0000] {manager.py:997} INFO - 
================================================================================
DAG File Processing Stats

File Path                     PID    Runtime      # DAGs    # Errors  Last Runtime    Last Run               Last # of DB Queries
----------------------------  -----  ---------  --------  ----------  --------------  -------------------  ----------------------
/opt/airflow/dags/etl-dag.py                           1           0  1.04s           2026-04-29T20:31:29                      12
================================================================================
[2026-04-29T20:32:13.910+0000] {manager.py:997} INFO - 
================================================================================
DAG File Processing Stats

File Path                     PID    Runtime      # DAGs    # Errors  Last Runtime    Last Run               Last # of DB Queries
----------------------------  -----  ---------  --------  ----------  --------------  -------------------  ----------------------
/opt/airflow/dags/etl-dag.py                           1           0  1.59s           2026-04-29T20:32:01                      12
================================================================================
[2026-04-29T20:32:44.000+0000] {manager.py:997} INFO - 
================================================================================
DAG File Processing Stats

File Path                     PID    Runtime      # DAGs    # Errors  Last Runtime    Last Run               Last # of DB Queries
----------------------------  -----  ---------  --------  ----------  --------------  -------------------  ----------------------
/opt/airflow/dags/etl-dag.py                           1           0  1.24s           2026-04-29T20:32:32                      12
================================================================================
[2026-04-29T20:33:14.076+0000] {manager.py:997} INFO - 
================================================================================
DAG File Processing Stats

File Path                       PID  Runtime      # DAGs    # Errors  Last Runtime    Last Run               Last # of DB Queries
----------------------------  -----  ---------  --------  ----------  --------------  -------------------  ----------------------
/opt/airflow/dags/etl-dag.py   1625  10.28s            1           0  1.24s           2026-04-29T20:32:32                      12
================================================================================
[2026-04-29T20:34:00.274+0000] {manager.py:997} INFO - 
================================================================================
DAG File Processing Stats

File Path                       PID  Runtime      # DAGs    # Errors  Last Runtime    Last Run               Last # of DB Queries
----------------------------  -----  ---------  --------  ----------  --------------  -------------------  ----------------------
/opt/airflow/dags/etl-dag.py   1625  55.43s            1           0  1.24s           2026-04-29T20:32:32                      12
================================================================================
[2026-04-29T20:34:25.410+0000] {manager.py:1366} ERROR - Processor for /opt/airflow/dags/etl-dag.py with PID 1625 started at 2026-04-29T20:33:03.790300+00:00 has timed out, killing it.
[2026-04-29T20:34:34.638+0000] {manager.py:997} INFO - 
================================================================================
DAG File Processing Stats

File Path                     PID    Runtime      # DAGs    # Errors  Last Runtime    Last Run               Last # of DB Queries
----------------------------  -----  ---------  --------  ----------  --------------  -------------------  ----------------------
/opt/airflow/dags/etl-dag.py                           0           1  81.60s          2026-04-29T20:34:25                       0
================================================================================
[2026-04-29T20:35:04.956+0000] {manager.py:997} INFO - 
================================================================================
DAG File Processing Stats

File Path                     PID    Runtime      # DAGs    # Errors  Last Runtime    Last Run               Last # of DB Queries
----------------------------  -----  ---------  --------  ----------  --------------  -------------------  ----------------------
/opt/airflow/dags/etl-dag.py                           1           0  1.55s           2026-04-29T20:34:57                      12
================================================================================
[2026-04-29T20:35:17.050+0000] {manager.py:821} INFO - Searching for files in /opt/airflow/dags
[2026-04-29T20:35:17.090+0000] {manager.py:824} INFO - There are 1 files in /opt/airflow/dags
[2026-04-29T20:35:34.972+0000] {manager.py:997} INFO - 
================================================================================
DAG File Processing Stats

File Path                     PID    Runtime      # DAGs    # Errors  Last Runtime    Last Run               Last # of DB Queries
----------------------------  -----  ---------  --------  ----------  --------------  -------------------  ----------------------
/opt/airflow/dags/etl-dag.py                           1           0  1.15s           2026-04-29T20:35:28                      12
================================================================================
[2026-04-29T20:36:05.293+0000] {manager.py:997} INFO - 
================================================================================
DAG File Processing Stats

File Path                     PID    Runtime      # DAGs    # Errors  Last Runtime    Last Run               Last # of DB Queries
----------------------------  -----  ---------  --------  ----------  --------------  -------------------  ----------------------
/opt/airflow/dags/etl-dag.py                           1           0  1.17s           2026-04-29T20:36:00                      12
================================================================================
[2026-04-29T20:36:35.641+0000] {manager.py:997} INFO - 
================================================================================
DAG File Processing Stats

File Path                     PID    Runtime      # DAGs    # Errors  Last Runtime    Last Run               Last # of DB Queries
----------------------------  -----  ---------  --------  ----------  --------------  -------------------  ----------------------
/opt/airflow/dags/etl-dag.py                           1           0  1.14s           2026-04-29T20:36:31                      12
================================================================================
[2026-04-29T20:37:06.041+0000] {manager.py:997} INFO - 
================================================================================
DAG File Processing Stats

File Path                     PID    Runtime      # DAGs    # Errors  Last Runtime    Last Run               Last # of DB Queries
----------------------------  -----  ---------  --------  ----------  --------------  -------------------  ----------------------
/opt/airflow/dags/etl-dag.py                           1           0  1.31s           2026-04-29T20:37:03                      12
================================================================================
[2026-04-29T20:37:36.396+0000] {manager.py:997} INFO - 
================================================================================
DAG File Processing Stats

File Path                     PID    Runtime      # DAGs    # Errors  Last Runtime    Last Run               Last # of DB Queries
----------------------------  -----  ---------  --------  ----------  --------------  -------------------  ----------------------
/opt/airflow/dags/etl-dag.py                           1           0  1.01s           2026-04-29T20:37:34                      12
================================================================================
[2026-04-29T20:38:06.921+0000] {manager.py:997} INFO - 
================================================================================
DAG File Processing Stats

File Path                     PID    Runtime      # DAGs    # Errors  Last Runtime    Last Run               Last # of DB Queries
----------------------------  -----  ---------  --------  ----------  --------------  -------------------  ----------------------
/opt/airflow/dags/etl-dag.py                           1           0  1.22s           2026-04-29T20:38:05                      12
================================================================================
[2026-04-29T20:38:37.308+0000] {manager.py:997} INFO - 
================================================================================
DAG File Processing Stats

File Path                       PID  Runtime      # DAGs    # Errors  Last Runtime    Last Run               Last # of DB Queries
----------------------------  -----  ---------  --------  ----------  --------------  -------------------  ----------------------
/opt/airflow/dags/etl-dag.py   1752  1.06s             1           0  1.22s           2026-04-29T20:38:05                      12
================================================================================
[2026-04-29T20:39:08.160+0000] {manager.py:997} INFO - 
================================================================================
DAG File Processing Stats

File Path                       PID  Runtime      # DAGs    # Errors  Last Runtime    Last Run               Last # of DB Queries
----------------------------  -----  ---------  --------  ----------  --------------  -------------------  ----------------------
/opt/airflow/dags/etl-dag.py   1752  31.92s            1           0  1.22s           2026-04-29T20:38:05                      12
================================================================================
[2026-04-29T20:39:26.415+0000] {manager.py:1366} ERROR - Processor for /opt/airflow/dags/etl-dag.py with PID 1752 started at 2026-04-29T20:38:36.238801+00:00 has timed out, killing it.
[2026-04-29T20:39:38.404+0000] {manager.py:997} INFO - 
================================================================================
DAG File Processing Stats

File Path                     PID    Runtime      # DAGs    # Errors  Last Runtime    Last Run               Last # of DB Queries
----------------------------  -----  ---------  --------  ----------  --------------  -------------------  ----------------------
/opt/airflow/dags/etl-dag.py                           1           0  1.59s           2026-04-29T20:39:36                      19
================================================================================
[2026-04-29T20:40:08.969+0000] {manager.py:997} INFO - 
================================================================================
DAG File Processing Stats

File Path                     PID    Runtime      # DAGs    # Errors  Last Runtime    Last Run               Last # of DB Queries
----------------------------  -----  ---------  --------  ----------  --------------  -------------------  ----------------------
/opt/airflow/dags/etl-dag.py                           1           0  0.98s           2026-04-29T20:40:07                      12
================================================================================
[2026-04-29T20:40:17.073+0000] {manager.py:821} INFO - Searching for files in /opt/airflow/dags
[2026-04-29T20:40:17.111+0000] {manager.py:824} INFO - There are 1 files in /opt/airflow/dags
[2026-04-29T20:40:39.384+0000] {manager.py:997} INFO - 
================================================================================
DAG File Processing Stats

File Path                       PID  Runtime      # DAGs    # Errors  Last Runtime    Last Run               Last # of DB Queries
----------------------------  -----  ---------  --------  ----------  --------------  -------------------  ----------------------
/opt/airflow/dags/etl-dag.py   1789  1.02s             1           0  0.98s           2026-04-29T20:40:07                      12
================================================================================
[2026-04-29T20:41:09.548+0000] {manager.py:997} INFO - 
================================================================================
DAG File Processing Stats

File Path                     PID    Runtime      # DAGs    # Errors  Last Runtime    Last Run               Last # of DB Queries
----------------------------  -----  ---------  --------  ----------  --------------  -------------------  ----------------------
/opt/airflow/dags/etl-dag.py                           1           0  1.86s           2026-04-29T20:40:40                      12
================================================================================
[2026-04-29T20:41:39.994+0000] {manager.py:997} INFO - 
================================================================================
DAG File Processing Stats

File Path                     PID    Runtime      # DAGs    # Errors  Last Runtime    Last Run               Last # of DB Queries
----------------------------  -----  ---------  --------  ----------  --------------  -------------------  ----------------------
/opt/airflow/dags/etl-dag.py                           1           0  1.17s           2026-04-29T20:41:11                      12
================================================================================
[2026-04-29T20:42:10.328+0000] {manager.py:997} INFO - 
================================================================================
DAG File Processing Stats

File Path                     PID    Runtime      # DAGs    # Errors  Last Runtime    Last Run               Last # of DB Queries
----------------------------  -----  ---------  --------  ----------  --------------  -------------------  ----------------------
/opt/airflow/dags/etl-dag.py                           1           0  1.25s           2026-04-29T20:41:43                      12
================================================================================
[2026-04-29T20:42:40.648+0000] {manager.py:997} INFO - 
================================================================================
DAG File Processing Stats

File Path                     PID    Runtime      # DAGs    # Errors  Last Runtime    Last Run               Last # of DB Queries
----------------------------  -----  ---------  --------  ----------  --------------  -------------------  ----------------------
/opt/airflow/dags/etl-dag.py                           1           0  1.20s           2026-04-29T20:42:14                      12
================================================================================
[2026-04-29T20:43:10.716+0000] {manager.py:997} INFO - 
================================================================================
DAG File Processing Stats

File Path                     PID    Runtime      # DAGs    # Errors  Last Runtime    Last Run               Last # of DB Queries
----------------------------  -----  ---------  --------  ----------  --------------  -------------------  ----------------------
/opt/airflow/dags/etl-dag.py                           1           0  1.75s           2026-04-29T20:42:46                      12
================================================================================
[2026-04-29T20:43:41.407+0000] {manager.py:997} INFO - 
================================================================================
DAG File Processing Stats

File Path                     PID    Runtime      # DAGs    # Errors  Last Runtime    Last Run               Last # of DB Queries
----------------------------  -----  ---------  --------  ----------  --------------  -------------------  ----------------------
/opt/airflow/dags/etl-dag.py                           1           0  1.41s           2026-04-29T20:43:18                      12
================================================================================
[2026-04-29T20:44:11.802+0000] {manager.py:997} INFO - 
================================================================================
DAG File Processing Stats

File Path                     PID    Runtime      # DAGs    # Errors  Last Runtime    Last Run               Last # of DB Queries
----------------------------  -----  ---------  --------  ----------  --------------  -------------------  ----------------------
/opt/airflow/dags/etl-dag.py                           1           0  1.16s           2026-04-29T20:43:49                      12
================================================================================
[2026-04-29T20:44:42.199+0000] {manager.py:997} INFO - 
================================================================================
DAG File Processing Stats

File Path                     PID    Runtime      # DAGs    # Errors  Last Runtime    Last Run               Last # of DB Queries
----------------------------  -----  ---------  --------  ----------  --------------  -------------------  ----------------------
/opt/airflow/dags/etl-dag.py                           1           0  1.33s           2026-04-29T20:44:21                      12
================================================================================
[2026-04-29T20:45:12.576+0000] {manager.py:997} INFO - 
================================================================================
DAG File Processing Stats

File Path                     PID    Runtime      # DAGs    # Errors  Last Runtime    Last Run               Last # of DB Queries
----------------------------  -----  ---------  --------  ----------  --------------  -------------------  ----------------------
/opt/airflow/dags/etl-dag.py                           1           0  1.06s           2026-04-29T20:44:52                      12
================================================================================
[2026-04-29T20:45:17.628+0000] {manager.py:821} INFO - Searching for files in /opt/airflow/dags
[2026-04-29T20:45:17.677+0000] {manager.py:824} INFO - There are 1 files in /opt/airflow/dags
[2026-04-29T20:45:43.036+0000] {manager.py:997} INFO - 
================================================================================
DAG File Processing Stats

File Path                     PID    Runtime      # DAGs    # Errors  Last Runtime    Last Run               Last # of DB Queries
----------------------------  -----  ---------  --------  ----------  --------------  -------------------  ----------------------
/opt/airflow/dags/etl-dag.py                           1           0  1.50s           2026-04-29T20:45:24                      12
================================================================================
[2026-04-29T20:47:33.504+0000] {manager.py:483} INFO - Processing files using up to 2 processes at a time 
[2026-04-29T20:47:33.506+0000] {manager.py:484} INFO - Process each file at most once every 30 seconds
[2026-04-29T20:47:33.508+0000] {manager.py:485} INFO - Checking for new files in /opt/airflow/dags every 300 seconds
[2026-04-29T20:47:33.509+0000] {manager.py:821} INFO - Searching for files in /opt/airflow/dags
[2026-04-29T20:47:33.592+0000] {manager.py:824} INFO - There are 1 files in /opt/airflow/dags
[2026-04-29T20:47:34.322+0000] {manager.py:997} INFO - 
================================================================================
DAG File Processing Stats

File Path                       PID  Runtime      # DAGs    # Errors  Last Runtime    Last Run      Last # of DB Queries
----------------------------  -----  ---------  --------  ----------  --------------  ----------  ----------------------
/opt/airflow/dags/etl-dag.py    196  0.31s             0           0                                                   0
================================================================================
[2026-04-29T20:48:04.697+0000] {manager.py:997} INFO - 
================================================================================
DAG File Processing Stats

File Path                     PID    Runtime      # DAGs    # Errors  Last Runtime    Last Run               Last # of DB Queries
----------------------------  -----  ---------  --------  ----------  --------------  -------------------  ----------------------
/opt/airflow/dags/etl-dag.py                           1           0  5.69s           2026-04-29T20:47:39                      12
================================================================================
[2026-04-29T20:48:35.252+0000] {manager.py:997} INFO - 
================================================================================
DAG File Processing Stats

File Path                     PID    Runtime      # DAGs    # Errors  Last Runtime    Last Run               Last # of DB Queries
----------------------------  -----  ---------  --------  ----------  --------------  -------------------  ----------------------
/opt/airflow/dags/etl-dag.py                           1           0  1.47s           2026-04-29T20:48:11                      12
================================================================================
[2026-04-29T20:49:05.582+0000] {manager.py:997} INFO - 
================================================================================
DAG File Processing Stats

File Path                     PID    Runtime      # DAGs    # Errors  Last Runtime    Last Run               Last # of DB Queries
----------------------------  -----  ---------  --------  ----------  --------------  -------------------  ----------------------
/opt/airflow/dags/etl-dag.py                           1           0  1.22s           2026-04-29T20:48:42                      12
================================================================================
[2026-04-29T20:49:35.699+0000] {manager.py:997} INFO - 
================================================================================
DAG File Processing Stats

File Path                     PID    Runtime      # DAGs    # Errors  Last Runtime    Last Run               Last # of DB Queries
----------------------------  -----  ---------  --------  ----------  --------------  -------------------  ----------------------
/opt/airflow/dags/etl-dag.py                           1           0  0.82s           2026-04-29T20:49:13                      12
================================================================================
[2026-04-29T20:50:06.422+0000] {manager.py:997} INFO - 
================================================================================
DAG File Processing Stats

File Path                     PID    Runtime      # DAGs    # Errors  Last Runtime    Last Run               Last # of DB Queries
----------------------------  -----  ---------  --------  ----------  --------------  -------------------  ----------------------
/opt/airflow/dags/etl-dag.py                           1           0  0.62s           2026-04-29T20:49:44                      12
================================================================================
[2026-04-29T20:50:36.972+0000] {manager.py:997} INFO - 
================================================================================
DAG File Processing Stats

File Path                     PID    Runtime      # DAGs    # Errors  Last Runtime    Last Run               Last # of DB Queries
----------------------------  -----  ---------  --------  ----------  --------------  -------------------  ----------------------
/opt/airflow/dags/etl-dag.py                           1           0  1.44s           2026-04-29T20:50:15                      12
================================================================================
[2026-04-29T20:51:07.020+0000] {manager.py:997} INFO - 
================================================================================
DAG File Processing Stats

File Path                     PID    Runtime      # DAGs    # Errors  Last Runtime    Last Run               Last # of DB Queries
----------------------------  -----  ---------  --------  ----------  --------------  -------------------  ----------------------
/opt/airflow/dags/etl-dag.py                           1           0  2.77s           2026-04-29T20:50:48                      12
================================================================================
[2026-04-29T20:51:37.101+0000] {manager.py:997} INFO - 
================================================================================
DAG File Processing Stats

File Path                     PID    Runtime      # DAGs    # Errors  Last Runtime    Last Run               Last # of DB Queries
----------------------------  -----  ---------  --------  ----------  --------------  -------------------  ----------------------
/opt/airflow/dags/etl-dag.py                           1           0  0.81s           2026-04-29T20:51:19                      12
================================================================================
[2026-04-29T20:52:07.375+0000] {manager.py:997} INFO - 
================================================================================
DAG File Processing Stats

File Path                     PID    Runtime      # DAGs    # Errors  Last Runtime    Last Run               Last # of DB Queries
----------------------------  -----  ---------  --------  ----------  --------------  -------------------  ----------------------
/opt/airflow/dags/etl-dag.py                           1           0  0.98s           2026-04-29T20:51:51                      12
================================================================================
[2026-04-29T20:52:33.643+0000] {manager.py:821} INFO - Searching for files in /opt/airflow/dags
[2026-04-29T20:52:33.699+0000] {manager.py:824} INFO - There are 1 files in /opt/airflow/dags
[2026-04-29T20:52:37.750+0000] {manager.py:997} INFO - 
================================================================================
DAG File Processing Stats

File Path                     PID    Runtime      # DAGs    # Errors  Last Runtime    Last Run               Last # of DB Queries
----------------------------  -----  ---------  --------  ----------  --------------  -------------------  ----------------------
/opt/airflow/dags/etl-dag.py                           1           0  1.08s           2026-04-29T20:52:22                      12
================================================================================
[2026-04-29T20:53:08.114+0000] {manager.py:997} INFO - 
================================================================================
DAG File Processing Stats

File Path                     PID    Runtime      # DAGs    # Errors  Last Runtime    Last Run               Last # of DB Queries
----------------------------  -----  ---------  --------  ----------  --------------  -------------------  ----------------------
/opt/airflow/dags/etl-dag.py                           1           0  1.08s           2026-04-29T20:52:54                      12
================================================================================
[2026-04-29T20:53:38.425+0000] {manager.py:997} INFO - 
================================================================================
DAG File Processing Stats

File Path                     PID    Runtime      # DAGs    # Errors  Last Runtime    Last Run               Last # of DB Queries
----------------------------  -----  ---------  --------  ----------  --------------  -------------------  ----------------------
/opt/airflow/dags/etl-dag.py                           1           0  0.66s           2026-04-29T20:53:24                      12
================================================================================
[2026-04-29T20:54:08.740+0000] {manager.py:997} INFO - 
================================================================================
DAG File Processing Stats

File Path                     PID    Runtime      # DAGs    # Errors  Last Runtime    Last Run               Last # of DB Queries
----------------------------  -----  ---------  --------  ----------  --------------  -------------------  ----------------------
/opt/airflow/dags/etl-dag.py                           1           0  0.70s           2026-04-29T20:53:55                      12
================================================================================
[2026-04-29T20:54:39.063+0000] {manager.py:997} INFO - 
================================================================================
DAG File Processing Stats

File Path                     PID    Runtime      # DAGs    # Errors  Last Runtime    Last Run               Last # of DB Queries
----------------------------  -----  ---------  --------  ----------  --------------  -------------------  ----------------------
/opt/airflow/dags/etl-dag.py                           1           0  0.65s           2026-04-29T20:54:26                      12
================================================================================
[2026-04-29T20:55:09.144+0000] {manager.py:997} INFO - 
================================================================================
DAG File Processing Stats

File Path                     PID    Runtime      # DAGs    # Errors  Last Runtime    Last Run               Last # of DB Queries
----------------------------  -----  ---------  --------  ----------  --------------  -------------------  ----------------------
/opt/airflow/dags/etl-dag.py                           1           0  0.76s           2026-04-29T20:54:58                      12
================================================================================
[2026-04-29T20:55:39.492+0000] {manager.py:997} INFO - 
================================================================================
DAG File Processing Stats

File Path                     PID    Runtime      # DAGs    # Errors  Last Runtime    Last Run               Last # of DB Queries
----------------------------  -----  ---------  --------  ----------  --------------  -------------------  ----------------------
/opt/airflow/dags/etl-dag.py                           1           0  1.07s           2026-04-29T20:55:29                      12
================================================================================
[2026-04-29T20:56:09.858+0000] {manager.py:997} INFO - 
================================================================================
DAG File Processing Stats

File Path                     PID    Runtime      # DAGs    # Errors  Last Runtime    Last Run               Last # of DB Queries
----------------------------  -----  ---------  --------  ----------  --------------  -------------------  ----------------------
/opt/airflow/dags/etl-dag.py                           1           0  1.14s           2026-04-29T20:56:00                      12
================================================================================
[2026-04-29T20:56:39.934+0000] {manager.py:997} INFO - 
================================================================================
DAG File Processing Stats

File Path                     PID    Runtime      # DAGs    # Errors  Last Runtime    Last Run               Last # of DB Queries
----------------------------  -----  ---------  --------  ----------  --------------  -------------------  ----------------------
/opt/airflow/dags/etl-dag.py                           1           0  0.72s           2026-04-29T20:56:31                      12
================================================================================
[2026-04-29T20:57:10.262+0000] {manager.py:997} INFO - 
================================================================================
DAG File Processing Stats

File Path                     PID    Runtime      # DAGs    # Errors  Last Runtime    Last Run               Last # of DB Queries
----------------------------  -----  ---------  --------  ----------  --------------  -------------------  ----------------------
/opt/airflow/dags/etl-dag.py                           1           0  1.18s           2026-04-29T20:57:03                      12
================================================================================
[2026-04-30T20:24:24.355+0000] {manager.py:483} INFO - Processing files using up to 2 processes at a time 
[2026-04-30T20:24:24.356+0000] {manager.py:484} INFO - Process each file at most once every 30 seconds
[2026-04-30T20:24:24.357+0000] {manager.py:485} INFO - Checking for new files in /opt/airflow/dags every 300 seconds
[2026-04-30T20:24:24.358+0000] {manager.py:821} INFO - Searching for files in /opt/airflow/dags
[2026-04-30T20:24:24.539+0000] {manager.py:824} INFO - There are 1 files in /opt/airflow/dags
[2026-04-30T20:24:24.705+0000] {manager.py:997} INFO - 
================================================================================
DAG File Processing Stats

File Path                       PID  Runtime      # DAGs    # Errors  Last Runtime    Last Run      Last # of DB Queries
----------------------------  -----  ---------  --------  ----------  --------------  ----------  ----------------------
/opt/airflow/dags/etl-dag.py    202  0.05s             0           0                                                   0
================================================================================
[2026-04-30T20:24:54.819+0000] {manager.py:997} INFO - 
================================================================================
DAG File Processing Stats

File Path                     PID    Runtime      # DAGs    # Errors  Last Runtime    Last Run               Last # of DB Queries
----------------------------  -----  ---------  --------  ----------  --------------  -------------------  ----------------------
/opt/airflow/dags/etl-dag.py                           1           0  2.79s           2026-04-30T20:24:27                      12
================================================================================
[2026-04-30T20:25:50.456+0000] {manager.py:483} INFO - Processing files using up to 2 processes at a time 
[2026-04-30T20:25:50.459+0000] {manager.py:484} INFO - Process each file at most once every 30 seconds
[2026-04-30T20:25:50.463+0000] {manager.py:485} INFO - Checking for new files in /opt/airflow/dags every 300 seconds
[2026-04-30T20:25:50.466+0000] {manager.py:821} INFO - Searching for files in /opt/airflow/dags
[2026-04-30T20:25:50.544+0000] {manager.py:824} INFO - There are 1 files in /opt/airflow/dags
[2026-04-30T20:25:51.256+0000] {manager.py:997} INFO - 
================================================================================
DAG File Processing Stats

File Path                       PID  Runtime      # DAGs    # Errors  Last Runtime    Last Run      Last # of DB Queries
----------------------------  -----  ---------  --------  ----------  --------------  ----------  ----------------------
/opt/airflow/dags/etl-dag.py    205  0.18s             0           0                                                   0
================================================================================
[2026-04-30T20:26:21.655+0000] {manager.py:997} INFO - 
================================================================================
DAG File Processing Stats

File Path                     PID    Runtime      # DAGs    # Errors  Last Runtime    Last Run               Last # of DB Queries
----------------------------  -----  ---------  --------  ----------  --------------  -------------------  ----------------------
/opt/airflow/dags/etl-dag.py                           1           0  5.17s           2026-04-30T20:25:56                      12
================================================================================
[2026-04-30T20:26:52.197+0000] {manager.py:997} INFO - 
================================================================================
DAG File Processing Stats

File Path                     PID    Runtime      # DAGs    # Errors  Last Runtime    Last Run               Last # of DB Queries
----------------------------  -----  ---------  --------  ----------  --------------  -------------------  ----------------------
/opt/airflow/dags/etl-dag.py                           1           0  4.41s           2026-04-30T20:26:31                      12
================================================================================
[2026-04-30T20:27:22.531+0000] {manager.py:997} INFO - 
================================================================================
DAG File Processing Stats

File Path                     PID    Runtime      # DAGs    # Errors  Last Runtime    Last Run               Last # of DB Queries
----------------------------  -----  ---------  --------  ----------  --------------  -------------------  ----------------------
/opt/airflow/dags/etl-dag.py                           1           0  1.95s           2026-04-30T20:27:03                      12
================================================================================
[2026-04-30T20:27:52.613+0000] {manager.py:997} INFO - 
================================================================================
DAG File Processing Stats

File Path                     PID    Runtime      # DAGs    # Errors  Last Runtime    Last Run               Last # of DB Queries
----------------------------  -----  ---------  --------  ----------  --------------  -------------------  ----------------------
/opt/airflow/dags/etl-dag.py                           1           0  1.48s           2026-04-30T20:27:35                      12
================================================================================
[2026-04-30T20:28:23.285+0000] {manager.py:997} INFO - 
================================================================================
DAG File Processing Stats

File Path                     PID    Runtime      # DAGs    # Errors  Last Runtime    Last Run               Last # of DB Queries
----------------------------  -----  ---------  --------  ----------  --------------  -------------------  ----------------------
/opt/airflow/dags/etl-dag.py                           1           0  8.49s           2026-04-30T20:28:14                      12
================================================================================
[2026-04-30T20:28:53.724+0000] {manager.py:997} INFO - 
================================================================================
DAG File Processing Stats

File Path                       PID  Runtime      # DAGs    # Errors  Last Runtime    Last Run               Last # of DB Queries
----------------------------  -----  ---------  --------  ----------  --------------  -------------------  ----------------------
/opt/airflow/dags/etl-dag.py    305  8.78s             1           0  8.49s           2026-04-30T20:28:14                      12
================================================================================
[2026-04-30T20:29:24.577+0000] {manager.py:997} INFO - 
================================================================================
DAG File Processing Stats

File Path                       PID  Runtime      # DAGs    # Errors  Last Runtime    Last Run               Last # of DB Queries
----------------------------  -----  ---------  --------  ----------  --------------  -------------------  ----------------------
/opt/airflow/dags/etl-dag.py    305  39.64s            1           0  8.49s           2026-04-30T20:28:14                      12
================================================================================
[2026-04-30T20:29:54.715+0000] {manager.py:997} INFO - 
================================================================================
DAG File Processing Stats

File Path                     PID    Runtime      # DAGs    # Errors  Last Runtime    Last Run               Last # of DB Queries
----------------------------  -----  ---------  --------  ----------  --------------  -------------------  ----------------------
/opt/airflow/dags/etl-dag.py                           1           0  1.57s           2026-04-30T20:29:41                      26
================================================================================
[2026-04-30T20:30:24.915+0000] {manager.py:997} INFO - 
================================================================================
DAG File Processing Stats

File Path                     PID    Runtime      # DAGs    # Errors  Last Runtime    Last Run               Last # of DB Queries
----------------------------  -----  ---------  --------  ----------  --------------  -------------------  ----------------------
/opt/airflow/dags/etl-dag.py                           1           0  1.80s           2026-04-30T20:30:13                      12
================================================================================
[2026-04-30T20:30:50.984+0000] {manager.py:821} INFO - Searching for files in /opt/airflow/dags
[2026-04-30T20:30:51.037+0000] {manager.py:824} INFO - There are 1 files in /opt/airflow/dags
[2026-04-30T20:30:55.126+0000] {manager.py:997} INFO - 
================================================================================
DAG File Processing Stats

File Path                     PID    Runtime      # DAGs    # Errors  Last Runtime    Last Run               Last # of DB Queries
----------------------------  -----  ---------  --------  ----------  --------------  -------------------  ----------------------
/opt/airflow/dags/etl-dag.py                           1           0  2.96s           2026-04-30T20:30:46                      12
================================================================================
[2026-04-30T20:31:25.855+0000] {manager.py:997} INFO - 
================================================================================
DAG File Processing Stats

File Path                     PID    Runtime      # DAGs    # Errors  Last Runtime    Last Run               Last # of DB Queries
----------------------------  -----  ---------  --------  ----------  --------------  -------------------  ----------------------
/opt/airflow/dags/etl-dag.py                           1           0  3.22s           2026-04-30T20:31:20                      12
================================================================================
[2026-04-30T20:31:55.865+0000] {manager.py:997} INFO - 
================================================================================
DAG File Processing Stats

File Path                       PID  Runtime      # DAGs    # Errors  Last Runtime    Last Run               Last # of DB Queries
----------------------------  -----  ---------  --------  ----------  --------------  -------------------  ----------------------
/opt/airflow/dags/etl-dag.py    377  4.22s             1           0  3.22s           2026-04-30T20:31:20                      12
================================================================================
[2026-04-30T20:32:25.910+0000] {manager.py:997} INFO - 
================================================================================
DAG File Processing Stats

File Path                     PID    Runtime      # DAGs    # Errors  Last Runtime    Last Run               Last # of DB Queries
----------------------------  -----  ---------  --------  ----------  --------------  -------------------  ----------------------
/opt/airflow/dags/etl-dag.py                           1           0  10.32s          2026-04-30T20:32:01                      12
================================================================================
[2026-04-30T20:32:56.619+0000] {manager.py:997} INFO - 
================================================================================
DAG File Processing Stats

File Path                     PID    Runtime      # DAGs    # Errors  Last Runtime    Last Run               Last # of DB Queries
----------------------------  -----  ---------  --------  ----------  --------------  -------------------  ----------------------
/opt/airflow/dags/etl-dag.py                           1           0  2.19s           2026-04-30T20:32:53                      11
================================================================================
[2026-04-30T20:33:26.671+0000] {manager.py:997} INFO - 
================================================================================
DAG File Processing Stats

File Path                     PID    Runtime      # DAGs    # Errors  Last Runtime    Last Run               Last # of DB Queries
----------------------------  -----  ---------  --------  ----------  --------------  -------------------  ----------------------
/opt/airflow/dags/etl-dag.py                           1           0  2.54s           2026-04-30T20:33:04                      11
================================================================================
[2026-04-30T20:33:57.109+0000] {manager.py:997} INFO - 
================================================================================
DAG File Processing Stats

File Path                     PID    Runtime      # DAGs    # Errors  Last Runtime    Last Run               Last # of DB Queries
----------------------------  -----  ---------  --------  ----------  --------------  -------------------  ----------------------
/opt/airflow/dags/etl-dag.py                           1           0  2.83s           2026-04-30T20:33:37                      34
================================================================================
[2026-04-30T20:34:27.545+0000] {manager.py:997} INFO - 
================================================================================
DAG File Processing Stats

File Path                     PID    Runtime      # DAGs    # Errors  Last Runtime    Last Run               Last # of DB Queries
----------------------------  -----  ---------  --------  ----------  --------------  -------------------  ----------------------
/opt/airflow/dags/etl-dag.py                           1           0  2.50s           2026-04-30T20:34:10                      12
================================================================================
[2026-04-30T20:34:58.137+0000] {manager.py:997} INFO - 
================================================================================
DAG File Processing Stats

File Path                     PID    Runtime      # DAGs    # Errors  Last Runtime    Last Run               Last # of DB Queries
----------------------------  -----  ---------  --------  ----------  --------------  -------------------  ----------------------
/opt/airflow/dags/etl-dag.py                           1           0  3.11s           2026-04-30T20:34:43                      12
================================================================================
[2026-04-30T20:35:28.279+0000] {manager.py:997} INFO - 
================================================================================
DAG File Processing Stats

File Path                     PID    Runtime      # DAGs    # Errors  Last Runtime    Last Run               Last # of DB Queries
----------------------------  -----  ---------  --------  ----------  --------------  -------------------  ----------------------
/opt/airflow/dags/etl-dag.py                           1           0  3.22s           2026-04-30T20:35:18                      12
================================================================================
[2026-04-30T20:35:51.420+0000] {manager.py:821} INFO - Searching for files in /opt/airflow/dags
[2026-04-30T20:35:51.497+0000] {manager.py:824} INFO - There are 1 files in /opt/airflow/dags
[2026-04-30T20:35:58.703+0000] {manager.py:997} INFO - 
================================================================================
DAG File Processing Stats

File Path                     PID    Runtime      # DAGs    # Errors  Last Runtime    Last Run               Last # of DB Queries
----------------------------  -----  ---------  --------  ----------  --------------  -------------------  ----------------------
/opt/airflow/dags/etl-dag.py                           1           0  2.86s           2026-04-30T20:35:51                      12
================================================================================
[2026-04-30T20:36:29.504+0000] {manager.py:997} INFO - 
================================================================================
DAG File Processing Stats

File Path                     PID    Runtime      # DAGs    # Errors  Last Runtime    Last Run               Last # of DB Queries
----------------------------  -----  ---------  --------  ----------  --------------  -------------------  ----------------------
/opt/airflow/dags/etl-dag.py                           1           0  3.08s           2026-04-30T20:36:25                      12
================================================================================
[2026-04-30T20:37:00.038+0000] {manager.py:997} INFO - 
================================================================================
DAG File Processing Stats

File Path                     PID    Runtime      # DAGs    # Errors  Last Runtime    Last Run               Last # of DB Queries
----------------------------  -----  ---------  --------  ----------  --------------  -------------------  ----------------------
/opt/airflow/dags/etl-dag.py                           1           0  3.54s           2026-04-30T20:36:59                      12
================================================================================
[2026-04-30T20:37:30.180+0000] {manager.py:997} INFO - 
================================================================================
DAG File Processing Stats

File Path                       PID  Runtime      # DAGs    # Errors  Last Runtime    Last Run               Last # of DB Queries
----------------------------  -----  ---------  --------  ----------  --------------  -------------------  ----------------------
/opt/airflow/dags/etl-dag.py    542  0.02s             1           0  3.54s           2026-04-30T20:36:59                      12
================================================================================
[2026-04-30T20:37:44.996+0000] {manager.py:465} INFO - Exiting gracefully upon receiving signal 15
[2026-04-30T20:39:30.994+0000] {manager.py:483} INFO - Processing files using up to 2 processes at a time 
[2026-04-30T20:39:30.996+0000] {manager.py:484} INFO - Process each file at most once every 30 seconds
[2026-04-30T20:39:30.998+0000] {manager.py:485} INFO - Checking for new files in /opt/airflow/dags every 300 seconds
[2026-04-30T20:39:30.999+0000] {manager.py:821} INFO - Searching for files in /opt/airflow/dags
[2026-04-30T20:39:31.069+0000] {manager.py:824} INFO - There are 1 files in /opt/airflow/dags
[2026-04-30T20:39:31.395+0000] {manager.py:997} INFO - 
================================================================================
DAG File Processing Stats

File Path                       PID  Runtime      # DAGs    # Errors  Last Runtime    Last Run      Last # of DB Queries
----------------------------  -----  ---------  --------  ----------  --------------  ----------  ----------------------
/opt/airflow/dags/etl-dag.py    208  0.11s             0           0                                                   0
================================================================================
[2026-04-30T20:40:01.879+0000] {manager.py:997} INFO - 
================================================================================
DAG File Processing Stats

File Path                     PID    Runtime      # DAGs    # Errors  Last Runtime    Last Run               Last # of DB Queries
----------------------------  -----  ---------  --------  ----------  --------------  -------------------  ----------------------
/opt/airflow/dags/etl-dag.py                           1           0  6.29s           2026-04-30T20:39:37                      12
================================================================================
[2026-04-30T20:40:32.241+0000] {manager.py:997} INFO - 
================================================================================
DAG File Processing Stats

File Path                     PID    Runtime      # DAGs    # Errors  Last Runtime    Last Run               Last # of DB Queries
----------------------------  -----  ---------  --------  ----------  --------------  -------------------  ----------------------
/opt/airflow/dags/etl-dag.py                           1           0  4.85s           2026-04-30T20:40:12                      12
================================================================================
[2026-04-30T20:41:02.795+0000] {manager.py:997} INFO - 
================================================================================
DAG File Processing Stats

File Path                     PID    Runtime      # DAGs    # Errors  Last Runtime    Last Run               Last # of DB Queries
----------------------------  -----  ---------  --------  ----------  --------------  -------------------  ----------------------
/opt/airflow/dags/etl-dag.py                           1           0  3.21s           2026-04-30T20:40:46                      12
================================================================================
[2026-04-30T20:41:32.966+0000] {manager.py:997} INFO - 
================================================================================
DAG File Processing Stats

File Path                     PID    Runtime      # DAGs    # Errors  Last Runtime    Last Run               Last # of DB Queries
----------------------------  -----  ---------  --------  ----------  --------------  -------------------  ----------------------
/opt/airflow/dags/etl-dag.py                           1           0  3.75s           2026-04-30T20:41:20                      12
================================================================================
[2026-04-30T20:42:03.388+0000] {manager.py:997} INFO - 
================================================================================
DAG File Processing Stats

File Path                     PID    Runtime      # DAGs    # Errors  Last Runtime    Last Run               Last # of DB Queries
----------------------------  -----  ---------  --------  ----------  --------------  -------------------  ----------------------
/opt/airflow/dags/etl-dag.py                           1           0  4.11s           2026-04-30T20:41:55                      12
================================================================================
[2026-04-30T20:42:34.179+0000] {manager.py:997} INFO - 
================================================================================
DAG File Processing Stats

File Path                     PID    Runtime      # DAGs    # Errors  Last Runtime    Last Run               Last # of DB Queries
----------------------------  -----  ---------  --------  ----------  --------------  -------------------  ----------------------
/opt/airflow/dags/etl-dag.py                           1           0  3.39s           2026-04-30T20:42:29                      12
================================================================================
[2026-05-05T20:42:59.167+0000] {manager.py:483} INFO - Processing files using up to 2 processes at a time 
[2026-05-05T20:42:59.169+0000] {manager.py:484} INFO - Process each file at most once every 30 seconds
[2026-05-05T20:42:59.170+0000] {manager.py:485} INFO - Checking for new files in /opt/airflow/dags every 300 seconds
[2026-05-05T20:42:59.172+0000] {manager.py:821} INFO - Searching for files in /opt/airflow/dags
[2026-05-05T20:42:59.335+0000] {manager.py:824} INFO - There are 1 files in /opt/airflow/dags
[2026-05-05T20:42:59.468+0000] {manager.py:997} INFO - 
================================================================================
DAG File Processing Stats

File Path                       PID  Runtime      # DAGs    # Errors  Last Runtime    Last Run      Last # of DB Queries
----------------------------  -----  ---------  --------  ----------  --------------  ----------  ----------------------
/opt/airflow/dags/etl-dag.py    194  0.04s             0           0                                                   0
================================================================================
[2026-05-05T20:43:29.932+0000] {manager.py:997} INFO - 
================================================================================
DAG File Processing Stats

File Path                     PID    Runtime      # DAGs    # Errors  Last Runtime    Last Run               Last # of DB Queries
----------------------------  -----  ---------  --------  ----------  --------------  -------------------  ----------------------
/opt/airflow/dags/etl-dag.py                           1           0  3.07s           2026-05-05T20:43:02                      12
================================================================================
[2026-05-05T20:44:00.251+0000] {manager.py:997} INFO - 
================================================================================
DAG File Processing Stats

File Path                     PID    Runtime      # DAGs    # Errors  Last Runtime    Last Run               Last # of DB Queries
----------------------------  -----  ---------  --------  ----------  --------------  -------------------  ----------------------
/opt/airflow/dags/etl-dag.py                           1           0  1.84s           2026-05-05T20:43:34                      12
================================================================================
[2026-05-05T20:44:30.877+0000] {manager.py:997} INFO - 
================================================================================
DAG File Processing Stats

File Path                     PID    Runtime      # DAGs    # Errors  Last Runtime    Last Run               Last # of DB Queries
----------------------------  -----  ---------  --------  ----------  --------------  -------------------  ----------------------
/opt/airflow/dags/etl-dag.py                           1           0  1.56s           2026-05-05T20:44:06                      12
================================================================================
[2026-05-05T20:45:01.197+0000] {manager.py:997} INFO - 
================================================================================
DAG File Processing Stats

File Path                     PID    Runtime      # DAGs    # Errors  Last Runtime    Last Run               Last # of DB Queries
----------------------------  -----  ---------  --------  ----------  --------------  -------------------  ----------------------
/opt/airflow/dags/etl-dag.py                           1           0  1.49s           2026-05-05T20:44:38                      12
================================================================================
[2026-05-05T20:45:31.675+0000] {manager.py:997} INFO - 
================================================================================
DAG File Processing Stats

File Path                     PID    Runtime      # DAGs    # Errors  Last Runtime    Last Run               Last # of DB Queries
----------------------------  -----  ---------  --------  ----------  --------------  -------------------  ----------------------
/opt/airflow/dags/etl-dag.py                           1           0  3.67s           2026-05-05T20:45:12                      12
================================================================================
[2026-05-05T20:46:02.461+0000] {manager.py:997} INFO - 
================================================================================
DAG File Processing Stats

File Path                     PID    Runtime      # DAGs    # Errors  Last Runtime    Last Run               Last # of DB Queries
----------------------------  -----  ---------  --------  ----------  --------------  -------------------  ----------------------
/opt/airflow/dags/etl-dag.py                           1           0  1.42s           2026-05-05T20:45:44                      12
================================================================================
[2026-05-05T20:46:33.079+0000] {manager.py:997} INFO - 
================================================================================
DAG File Processing Stats

File Path                     PID    Runtime      # DAGs    # Errors  Last Runtime    Last Run               Last # of DB Queries
----------------------------  -----  ---------  --------  ----------  --------------  -------------------  ----------------------
/opt/airflow/dags/etl-dag.py                           1           0  1.55s           2026-05-05T20:46:16                      12
================================================================================
[2026-05-05T20:47:03.762+0000] {manager.py:997} INFO - 
================================================================================
DAG File Processing Stats

File Path                     PID    Runtime      # DAGs    # Errors  Last Runtime    Last Run               Last # of DB Queries
----------------------------  -----  ---------  --------  ----------  --------------  -------------------  ----------------------
/opt/airflow/dags/etl-dag.py                           1           0  1.34s           2026-05-05T20:46:47                      12
================================================================================
[2026-05-05T20:47:34.201+0000] {manager.py:997} INFO - 
================================================================================
DAG File Processing Stats

File Path                     PID    Runtime      # DAGs    # Errors  Last Runtime    Last Run               Last # of DB Queries
----------------------------  -----  ---------  --------  ----------  --------------  -------------------  ----------------------
/opt/airflow/dags/etl-dag.py                           1           0  1.29s           2026-05-05T20:47:19                      12
================================================================================
[2026-05-05T20:47:59.709+0000] {manager.py:821} INFO - Searching for files in /opt/airflow/dags
[2026-05-05T20:47:59.792+0000] {manager.py:824} INFO - There are 1 files in /opt/airflow/dags
[2026-05-05T20:48:04.914+0000] {manager.py:997} INFO - 
================================================================================
DAG File Processing Stats

File Path                     PID    Runtime      # DAGs    # Errors  Last Runtime    Last Run               Last # of DB Queries
----------------------------  -----  ---------  --------  ----------  --------------  -------------------  ----------------------
/opt/airflow/dags/etl-dag.py                           1           0  1.25s           2026-05-05T20:47:50                      12
================================================================================
[2026-05-05T20:48:35.359+0000] {manager.py:997} INFO - 
================================================================================
DAG File Processing Stats

File Path                     PID    Runtime      # DAGs    # Errors  Last Runtime    Last Run               Last # of DB Queries
----------------------------  -----  ---------  --------  ----------  --------------  -------------------  ----------------------
/opt/airflow/dags/etl-dag.py                           1           0  1.24s           2026-05-05T20:48:22                      12
================================================================================
[2026-05-05T20:49:05.963+0000] {manager.py:997} INFO - 
================================================================================
DAG File Processing Stats

File Path                     PID    Runtime      # DAGs    # Errors  Last Runtime    Last Run               Last # of DB Queries
----------------------------  -----  ---------  --------  ----------  --------------  -------------------  ----------------------
/opt/airflow/dags/etl-dag.py                           1           0  1.48s           2026-05-05T20:48:54                      12
================================================================================
[2026-05-05T20:49:36.400+0000] {manager.py:997} INFO - 
================================================================================
DAG File Processing Stats

File Path                     PID    Runtime      # DAGs    # Errors  Last Runtime    Last Run               Last # of DB Queries
----------------------------  -----  ---------  --------  ----------  --------------  -------------------  ----------------------
/opt/airflow/dags/etl-dag.py                           1           0  1.26s           2026-05-05T20:49:25                      12
================================================================================
[2026-05-05T20:50:06.963+0000] {manager.py:997} INFO - 
================================================================================
DAG File Processing Stats

File Path                     PID    Runtime      # DAGs    # Errors  Last Runtime    Last Run               Last # of DB Queries
----------------------------  -----  ---------  --------  ----------  --------------  -------------------  ----------------------
/opt/airflow/dags/etl-dag.py                           1           0  1.42s           2026-05-05T20:49:57                      12
================================================================================
[2026-05-05T20:50:37.472+0000] {manager.py:997} INFO - 
================================================================================
DAG File Processing Stats

File Path                     PID    Runtime      # DAGs    # Errors  Last Runtime    Last Run               Last # of DB Queries
----------------------------  -----  ---------  --------  ----------  --------------  -------------------  ----------------------
/opt/airflow/dags/etl-dag.py                           1           0  1.34s           2026-05-05T20:50:28                      12
================================================================================
[2026-05-05T20:51:08.081+0000] {manager.py:997} INFO - 
================================================================================
DAG File Processing Stats

File Path                     PID    Runtime      # DAGs    # Errors  Last Runtime    Last Run               Last # of DB Queries
----------------------------  -----  ---------  --------  ----------  --------------  -------------------  ----------------------
/opt/airflow/dags/etl-dag.py                           1           0  1.43s           2026-05-05T20:51:00                      12
================================================================================
[2026-05-05T20:51:38.482+0000] {manager.py:997} INFO - 
================================================================================
DAG File Processing Stats

File Path                     PID    Runtime      # DAGs    # Errors  Last Runtime    Last Run               Last # of DB Queries
----------------------------  -----  ---------  --------  ----------  --------------  -------------------  ----------------------
/opt/airflow/dags/etl-dag.py                           1           0  1.21s           2026-05-05T20:51:31                      12
================================================================================
[2026-05-05T20:52:09.055+0000] {manager.py:997} INFO - 
================================================================================
DAG File Processing Stats

File Path                     PID    Runtime      # DAGs    # Errors  Last Runtime    Last Run               Last # of DB Queries
----------------------------  -----  ---------  --------  ----------  --------------  -------------------  ----------------------
/opt/airflow/dags/etl-dag.py                           1           0  1.31s           2026-05-05T20:52:03                      12
================================================================================
[2026-05-05T20:52:39.706+0000] {manager.py:997} INFO - 
================================================================================
DAG File Processing Stats

File Path                     PID    Runtime      # DAGs    # Errors  Last Runtime    Last Run               Last # of DB Queries
----------------------------  -----  ---------  --------  ----------  --------------  -------------------  ----------------------
/opt/airflow/dags/etl-dag.py                           1           0  1.29s           2026-05-05T20:52:34                      12
================================================================================
[2026-05-05T20:53:00.013+0000] {manager.py:821} INFO - Searching for files in /opt/airflow/dags
[2026-05-05T20:53:00.128+0000] {manager.py:824} INFO - There are 1 files in /opt/airflow/dags
[2026-05-05T20:53:10.485+0000] {manager.py:997} INFO - 
================================================================================
DAG File Processing Stats

File Path                     PID    Runtime      # DAGs    # Errors  Last Runtime    Last Run               Last # of DB Queries
----------------------------  -----  ---------  --------  ----------  --------------  -------------------  ----------------------
/opt/airflow/dags/etl-dag.py                           1           0  1.25s           2026-05-05T20:53:06                      12
================================================================================
[2026-05-05T20:53:40.966+0000] {manager.py:997} INFO - 
================================================================================
DAG File Processing Stats

File Path                     PID    Runtime      # DAGs    # Errors  Last Runtime    Last Run               Last # of DB Queries
----------------------------  -----  ---------  --------  ----------  --------------  -------------------  ----------------------
/opt/airflow/dags/etl-dag.py                           1           0  1.30s           2026-05-05T20:53:38                      12
================================================================================
[2026-05-05T20:54:11.542+0000] {manager.py:997} INFO - 
================================================================================
DAG File Processing Stats

File Path                     PID    Runtime      # DAGs    # Errors  Last Runtime    Last Run               Last # of DB Queries
----------------------------  -----  ---------  --------  ----------  --------------  -------------------  ----------------------
/opt/airflow/dags/etl-dag.py                           1           0  1.25s           2026-05-05T20:54:09                      12
================================================================================
[2026-05-05T20:54:42.003+0000] {manager.py:997} INFO - 
================================================================================
DAG File Processing Stats

File Path                     PID    Runtime      # DAGs    # Errors  Last Runtime    Last Run               Last # of DB Queries
----------------------------  -----  ---------  --------  ----------  --------------  -------------------  ----------------------
/opt/airflow/dags/etl-dag.py                           1           0  1.46s           2026-05-05T20:54:41                      12
================================================================================
[2026-05-05T20:55:12.729+0000] {manager.py:997} INFO - 
================================================================================
DAG File Processing Stats

File Path                       PID  Runtime      # DAGs    # Errors  Last Runtime    Last Run               Last # of DB Queries
----------------------------  -----  ---------  --------  ----------  --------------  -------------------  ----------------------
/opt/airflow/dags/etl-dag.py    506  1.03s             1           0  1.46s           2026-05-05T20:54:41                      12
================================================================================
[2026-05-05T20:55:42.896+0000] {manager.py:997} INFO - 
================================================================================
DAG File Processing Stats

File Path                     PID    Runtime      # DAGs    # Errors  Last Runtime    Last Run               Last # of DB Queries
----------------------------  -----  ---------  --------  ----------  --------------  -------------------  ----------------------
/opt/airflow/dags/etl-dag.py                           1           0  1.66s           2026-05-05T20:55:13                      12
================================================================================
[2026-05-05T20:56:13.623+0000] {manager.py:997} INFO - 
================================================================================
DAG File Processing Stats

File Path                     PID    Runtime      # DAGs    # Errors  Last Runtime    Last Run               Last # of DB Queries
----------------------------  -----  ---------  --------  ----------  --------------  -------------------  ----------------------
/opt/airflow/dags/etl-dag.py                           1           0  1.47s           2026-05-05T20:55:45                      12
================================================================================
[2026-05-05T20:56:44.186+0000] {manager.py:997} INFO - 
================================================================================
DAG File Processing Stats

File Path                     PID    Runtime      # DAGs    # Errors  Last Runtime    Last Run               Last # of DB Queries
----------------------------  -----  ---------  --------  ----------  --------------  -------------------  ----------------------
/opt/airflow/dags/etl-dag.py                           1           0  1.22s           2026-05-05T20:56:16                      12
================================================================================
[2026-05-05T20:57:14.580+0000] {manager.py:997} INFO - 
================================================================================
DAG File Processing Stats

File Path                       PID  Runtime      # DAGs    # Errors  Last Runtime    Last Run               Last # of DB Queries
----------------------------  -----  ---------  --------  ----------  --------------  -------------------  ----------------------
/opt/airflow/dags/etl-dag.py    544  27.06s            1           0  1.22s           2026-05-05T20:56:16                      12
================================================================================
[2026-05-05T20:57:45.225+0000] {manager.py:997} INFO - 
================================================================================
DAG File Processing Stats

File Path                     PID    Runtime      # DAGs    # Errors  Last Runtime    Last Run               Last # of DB Queries
----------------------------  -----  ---------  --------  ----------  --------------  -------------------  ----------------------
/opt/airflow/dags/etl-dag.py                           0           1  32.65s          2026-05-05T20:57:19                       3
================================================================================
[2026-05-05T20:58:00.493+0000] {manager.py:821} INFO - Searching for files in /opt/airflow/dags
[2026-05-05T20:58:00.606+0000] {manager.py:824} INFO - There are 1 files in /opt/airflow/dags
[2026-05-05T20:58:15.832+0000] {manager.py:997} INFO - 
================================================================================
DAG File Processing Stats

File Path                     PID    Runtime      # DAGs    # Errors  Last Runtime    Last Run               Last # of DB Queries
----------------------------  -----  ---------  --------  ----------  --------------  -------------------  ----------------------
/opt/airflow/dags/etl-dag.py                           1           0  5.02s           2026-05-05T20:57:55                      12
================================================================================
[2026-05-05T20:58:46.134+0000] {manager.py:997} INFO - 
================================================================================
DAG File Processing Stats

File Path                     PID    Runtime      # DAGs    # Errors  Last Runtime    Last Run               Last # of DB Queries
----------------------------  -----  ---------  --------  ----------  --------------  -------------------  ----------------------
/opt/airflow/dags/etl-dag.py                           1           0  1.76s           2026-05-05T20:58:27                      12
================================================================================
[2026-05-05T20:59:16.774+0000] {manager.py:997} INFO - 
================================================================================
DAG File Processing Stats

File Path                     PID    Runtime      # DAGs    # Errors  Last Runtime    Last Run               Last # of DB Queries
----------------------------  -----  ---------  --------  ----------  --------------  -------------------  ----------------------
/opt/airflow/dags/etl-dag.py                           1           0  2.30s           2026-05-05T20:59:00                      12
================================================================================
[2026-05-05T20:59:47.383+0000] {manager.py:997} INFO - 
================================================================================
DAG File Processing Stats

File Path                     PID    Runtime      # DAGs    # Errors  Last Runtime    Last Run               Last # of DB Queries
----------------------------  -----  ---------  --------  ----------  --------------  -------------------  ----------------------
/opt/airflow/dags/etl-dag.py                           1           0  2.19s           2026-05-05T20:59:33                      12
================================================================================
[2026-05-05T21:00:17.930+0000] {manager.py:997} INFO - 
================================================================================
DAG File Processing Stats

File Path                     PID    Runtime      # DAGs    # Errors  Last Runtime    Last Run               Last # of DB Queries
----------------------------  -----  ---------  --------  ----------  --------------  -------------------  ----------------------
/opt/airflow/dags/etl-dag.py                           1           0  2.55s           2026-05-05T21:00:06                      12
================================================================================
[2026-05-05T21:00:48.311+0000] {manager.py:997} INFO - 
================================================================================
DAG File Processing Stats

File Path                     PID    Runtime      # DAGs    # Errors  Last Runtime    Last Run               Last # of DB Queries
----------------------------  -----  ---------  --------  ----------  --------------  -------------------  ----------------------
/opt/airflow/dags/etl-dag.py                           1           0  3.82s           2026-05-05T21:00:40                      12
================================================================================
[2026-05-05T21:01:18.955+0000] {manager.py:997} INFO - 
================================================================================
DAG File Processing Stats

File Path                     PID    Runtime      # DAGs    # Errors  Last Runtime    Last Run               Last # of DB Queries
----------------------------  -----  ---------  --------  ----------  --------------  -------------------  ----------------------
/opt/airflow/dags/etl-dag.py                           1           0  1.54s           2026-05-05T21:01:13                      12
================================================================================
[2026-05-05T21:01:49.042+0000] {manager.py:997} INFO - 
================================================================================
DAG File Processing Stats

File Path                     PID    Runtime      # DAGs    # Errors  Last Runtime    Last Run               Last # of DB Queries
----------------------------  -----  ---------  --------  ----------  --------------  -------------------  ----------------------
/opt/airflow/dags/etl-dag.py                           1           0  1.65s           2026-05-05T21:01:44                      12
================================================================================
[2026-05-05T21:02:19.462+0000] {manager.py:997} INFO - 
================================================================================
DAG File Processing Stats

File Path                     PID    Runtime      # DAGs    # Errors  Last Runtime    Last Run               Last # of DB Queries
----------------------------  -----  ---------  --------  ----------  --------------  -------------------  ----------------------
/opt/airflow/dags/etl-dag.py                           1           0  1.35s           2026-05-05T21:02:16                      12
================================================================================
[2026-05-05T21:02:49.852+0000] {manager.py:997} INFO - 
================================================================================
DAG File Processing Stats

File Path                       PID  Runtime      # DAGs    # Errors  Last Runtime    Last Run               Last # of DB Queries
----------------------------  -----  ---------  --------  ----------  --------------  -------------------  ----------------------
/opt/airflow/dags/etl-dag.py    685  3.04s             1           0  1.35s           2026-05-05T21:02:16                      12
================================================================================
[2026-05-05T21:03:01.132+0000] {manager.py:821} INFO - Searching for files in /opt/airflow/dags
[2026-05-05T21:03:01.220+0000] {manager.py:824} INFO - There are 1 files in /opt/airflow/dags
[2026-05-05T21:03:20.609+0000] {manager.py:997} INFO - 
================================================================================
DAG File Processing Stats

File Path                       PID  Runtime      # DAGs    # Errors  Last Runtime    Last Run               Last # of DB Queries
----------------------------  -----  ---------  --------  ----------  --------------  -------------------  ----------------------
/opt/airflow/dags/etl-dag.py    698  0.02s             1           0  3.45s           2026-05-05T21:02:50                      12
================================================================================
[2026-05-05T21:03:51.036+0000] {manager.py:997} INFO - 
================================================================================
DAG File Processing Stats

File Path                     PID    Runtime      # DAGs    # Errors  Last Runtime    Last Run               Last # of DB Queries
----------------------------  -----  ---------  --------  ----------  --------------  -------------------  ----------------------
/opt/airflow/dags/etl-dag.py                           1           0  3.46s           2026-05-05T21:03:24                      12
================================================================================
[2026-05-05T21:04:21.212+0000] {manager.py:997} INFO - 
================================================================================
DAG File Processing Stats

File Path                     PID    Runtime      # DAGs    # Errors  Last Runtime    Last Run               Last # of DB Queries
----------------------------  -----  ---------  --------  ----------  --------------  -------------------  ----------------------
/opt/airflow/dags/etl-dag.py                           1           0  2.73s           2026-05-05T21:03:56                      12
================================================================================
[2026-05-05T21:04:51.751+0000] {manager.py:997} INFO - 
================================================================================
DAG File Processing Stats

File Path                     PID    Runtime      # DAGs    # Errors  Last Runtime    Last Run               Last # of DB Queries
----------------------------  -----  ---------  --------  ----------  --------------  -------------------  ----------------------
/opt/airflow/dags/etl-dag.py                           1           0  4.69s           2026-05-05T21:04:31                      12
================================================================================
[2026-05-05T21:05:22.211+0000] {manager.py:997} INFO - 
================================================================================
DAG File Processing Stats

File Path                     PID    Runtime      # DAGs    # Errors  Last Runtime    Last Run               Last # of DB Queries
----------------------------  -----  ---------  --------  ----------  --------------  -------------------  ----------------------
/opt/airflow/dags/etl-dag.py                           1           0  3.12s           2026-05-05T21:05:05                      12
================================================================================
[2026-05-05T21:05:52.500+0000] {manager.py:997} INFO - 
================================================================================
DAG File Processing Stats

File Path                     PID    Runtime      # DAGs    # Errors  Last Runtime    Last Run               Last # of DB Queries
----------------------------  -----  ---------  --------  ----------  --------------  -------------------  ----------------------
/opt/airflow/dags/etl-dag.py                           1           0  1.73s           2026-05-05T21:05:37                      12
================================================================================
[2026-05-05T21:06:23.258+0000] {manager.py:997} INFO - 
================================================================================
DAG File Processing Stats

File Path                     PID    Runtime      # DAGs    # Errors  Last Runtime    Last Run               Last # of DB Queries
----------------------------  -----  ---------  --------  ----------  --------------  -------------------  ----------------------
/opt/airflow/dags/etl-dag.py                           1           0  1.36s           2026-05-05T21:06:09                      12
================================================================================
[2026-05-05T21:06:53.778+0000] {manager.py:997} INFO - 
================================================================================
DAG File Processing Stats

File Path                     PID    Runtime      # DAGs    # Errors  Last Runtime    Last Run               Last # of DB Queries
----------------------------  -----  ---------  --------  ----------  --------------  -------------------  ----------------------
/opt/airflow/dags/etl-dag.py                           1           0  1.31s           2026-05-05T21:06:40                      12
================================================================================
[2026-05-05T21:07:24.441+0000] {manager.py:997} INFO - 
================================================================================
DAG File Processing Stats

File Path                     PID    Runtime      # DAGs    # Errors  Last Runtime    Last Run               Last # of DB Queries
----------------------------  -----  ---------  --------  ----------  --------------  -------------------  ----------------------
/opt/airflow/dags/etl-dag.py                           1           0  1.30s           2026-05-05T21:07:12                      12
================================================================================
[2026-05-05T21:07:54.592+0000] {manager.py:997} INFO - 
================================================================================
DAG File Processing Stats

File Path                     PID    Runtime      # DAGs    # Errors  Last Runtime    Last Run               Last # of DB Queries
----------------------------  -----  ---------  --------  ----------  --------------  -------------------  ----------------------
/opt/airflow/dags/etl-dag.py                           1           0  1.68s           2026-05-05T21:07:44                      12
================================================================================
[2026-05-05T21:08:01.679+0000] {manager.py:821} INFO - Searching for files in /opt/airflow/dags
[2026-05-05T21:08:01.783+0000] {manager.py:824} INFO - There are 1 files in /opt/airflow/dags
[2026-05-05T21:08:25.505+0000] {manager.py:997} INFO - 
================================================================================
DAG File Processing Stats

File Path                     PID    Runtime      # DAGs    # Errors  Last Runtime    Last Run               Last # of DB Queries
----------------------------  -----  ---------  --------  ----------  --------------  -------------------  ----------------------
/opt/airflow/dags/etl-dag.py                           1           0  1.37s           2026-05-05T21:08:16                      12
================================================================================
[2026-05-05T21:08:56.011+0000] {manager.py:997} INFO - 
================================================================================
DAG File Processing Stats

File Path                     PID    Runtime      # DAGs    # Errors  Last Runtime    Last Run               Last # of DB Queries
----------------------------  -----  ---------  --------  ----------  --------------  -------------------  ----------------------
/opt/airflow/dags/etl-dag.py                           1           0  1.25s           2026-05-05T21:08:48                      12
================================================================================
[2026-05-05T21:09:26.672+0000] {manager.py:997} INFO - 
================================================================================
DAG File Processing Stats

File Path                     PID    Runtime      # DAGs    # Errors  Last Runtime    Last Run               Last # of DB Queries
----------------------------  -----  ---------  --------  ----------  --------------  -------------------  ----------------------
/opt/airflow/dags/etl-dag.py                           1           0  1.28s           2026-05-05T21:09:19                      12
================================================================================
[2026-05-05T21:09:57.129+0000] {manager.py:997} INFO - 
================================================================================
DAG File Processing Stats

File Path                     PID    Runtime      # DAGs    # Errors  Last Runtime    Last Run               Last # of DB Queries
----------------------------  -----  ---------  --------  ----------  --------------  -------------------  ----------------------
/opt/airflow/dags/etl-dag.py                           1           0  2.06s           2026-05-05T21:09:52                      12
================================================================================
[2026-05-05T21:10:27.375+0000] {manager.py:997} INFO - 
================================================================================
DAG File Processing Stats

File Path                     PID    Runtime      # DAGs    # Errors  Last Runtime    Last Run               Last # of DB Queries
----------------------------  -----  ---------  --------  ----------  --------------  -------------------  ----------------------
/opt/airflow/dags/etl-dag.py                           1           0  1.83s           2026-05-05T21:10:24                      12
================================================================================
[2026-05-05T21:10:57.736+0000] {manager.py:997} INFO - 
================================================================================
DAG File Processing Stats

File Path                     PID    Runtime      # DAGs    # Errors  Last Runtime    Last Run               Last # of DB Queries
----------------------------  -----  ---------  --------  ----------  --------------  -------------------  ----------------------
/opt/airflow/dags/etl-dag.py                           1           0  1.63s           2026-05-05T21:10:56                      12
================================================================================
[2026-05-05T21:11:27.788+0000] {manager.py:997} INFO - 
================================================================================
DAG File Processing Stats

File Path                       PID  Runtime      # DAGs    # Errors  Last Runtime    Last Run               Last # of DB Queries
----------------------------  -----  ---------  --------  ----------  --------------  -------------------  ----------------------
/opt/airflow/dags/etl-dag.py    899  1.03s             1           0  1.63s           2026-05-05T21:10:56                      12
================================================================================
[2026-05-05T21:11:58.032+0000] {manager.py:997} INFO - 
================================================================================
DAG File Processing Stats

File Path                     PID    Runtime      # DAGs    # Errors  Last Runtime    Last Run               Last # of DB Queries
----------------------------  -----  ---------  --------  ----------  --------------  -------------------  ----------------------
/opt/airflow/dags/etl-dag.py                           1           0  1.68s           2026-05-05T21:11:28                      12
================================================================================
[2026-05-05T21:12:28.385+0000] {manager.py:997} INFO - 
================================================================================
DAG File Processing Stats

File Path                     PID    Runtime      # DAGs    # Errors  Last Runtime    Last Run               Last # of DB Queries
----------------------------  -----  ---------  --------  ----------  --------------  -------------------  ----------------------
/opt/airflow/dags/etl-dag.py                           1           0  1.81s           2026-05-05T21:12:00                      12
================================================================================
[2026-05-05T21:12:58.914+0000] {manager.py:997} INFO - 
================================================================================
DAG File Processing Stats

File Path                     PID    Runtime      # DAGs    # Errors  Last Runtime    Last Run               Last # of DB Queries
----------------------------  -----  ---------  --------  ----------  --------------  -------------------  ----------------------
/opt/airflow/dags/etl-dag.py                           1           0  1.76s           2026-05-05T21:12:32                      12
================================================================================
[2026-05-05T21:13:01.975+0000] {manager.py:821} INFO - Searching for files in /opt/airflow/dags
[2026-05-05T21:13:02.170+0000] {manager.py:824} INFO - There are 1 files in /opt/airflow/dags
[2026-05-05T21:13:29.408+0000] {manager.py:997} INFO - 
================================================================================
DAG File Processing Stats

File Path                     PID    Runtime      # DAGs    # Errors  Last Runtime    Last Run               Last # of DB Queries
----------------------------  -----  ---------  --------  ----------  --------------  -------------------  ----------------------
/opt/airflow/dags/etl-dag.py                           1           0  5.84s           2026-05-05T21:13:09                      12
================================================================================
[2026-05-05T21:14:00.038+0000] {manager.py:997} INFO - 
================================================================================
DAG File Processing Stats

File Path                     PID    Runtime      # DAGs    # Errors  Last Runtime    Last Run               Last # of DB Queries
----------------------------  -----  ---------  --------  ----------  --------------  -------------------  ----------------------
/opt/airflow/dags/etl-dag.py                           1           0  2.43s           2026-05-05T21:13:41                      12
================================================================================
[2026-05-05T21:17:58.279+0000] {manager.py:997} INFO - 
================================================================================
DAG File Processing Stats

File Path                       PID  Runtime      # DAGs    # Errors  Last Runtime    Last Run               Last # of DB Queries
----------------------------  -----  ---------  --------  ----------  --------------  -------------------  ----------------------
/opt/airflow/dags/etl-dag.py    964  0.19s             1           0  2.43s           2026-05-05T21:13:41                      12
================================================================================
[2026-05-05T21:21:17.623+0000] {manager.py:821} INFO - Searching for files in /opt/airflow/dags
[2026-05-05T21:21:18.941+0000] {manager.py:824} INFO - There are 1 files in /opt/airflow/dags
[2026-05-05T21:21:58.211+0000] {manager.py:1366} ERROR - Processor for /opt/airflow/dags/etl-dag.py with PID 964 started at 2026-05-05T21:16:34.675263+00:00 has timed out, killing it.
[2026-05-05T21:22:22.352+0000] {manager.py:997} INFO - 
================================================================================
DAG File Processing Stats

File Path                       PID  Runtime      # DAGs    # Errors  Last Runtime    Last Run               Last # of DB Queries
----------------------------  -----  ---------  --------  ----------  --------------  -------------------  ----------------------
/opt/airflow/dags/etl-dag.py    967  0.04s             0           1  314.20s         2026-05-05T21:21:48                       0
================================================================================
[2026-05-05T21:23:11.138+0000] {manager.py:997} INFO - 
================================================================================
DAG File Processing Stats

File Path                       PID  Runtime      # DAGs    # Errors  Last Runtime    Last Run               Last # of DB Queries
----------------------------  -----  ---------  --------  ----------  --------------  -------------------  ----------------------
/opt/airflow/dags/etl-dag.py    967  48.74s            0           1  314.20s         2026-05-05T21:21:48                       0
================================================================================
[2026-05-05T21:23:40.306+0000] {manager.py:1366} ERROR - Processor for /opt/airflow/dags/etl-dag.py with PID 967 started at 2026-05-05T21:22:22.272779+00:00 has timed out, killing it.
[2026-05-05T21:29:45.004+0000] {manager.py:821} INFO - Searching for files in /opt/airflow/dags
[2026-05-05T21:32:00.608+0000] {manager.py:824} INFO - There are 1 files in /opt/airflow/dags
[2026-05-05T21:59:45.769+0000] {manager.py:483} INFO - Processing files using up to 2 processes at a time 
[2026-05-05T21:59:45.771+0000] {manager.py:484} INFO - Process each file at most once every 30 seconds
[2026-05-05T21:59:45.772+0000] {manager.py:485} INFO - Checking for new files in /opt/airflow/dags every 300 seconds
[2026-05-05T21:59:45.773+0000] {manager.py:821} INFO - Searching for files in /opt/airflow/dags
[2026-05-05T21:59:45.842+0000] {manager.py:824} INFO - There are 1 files in /opt/airflow/dags
[2026-05-05T21:59:45.975+0000] {manager.py:997} INFO - 
================================================================================
DAG File Processing Stats

File Path                       PID  Runtime      # DAGs    # Errors  Last Runtime    Last Run      Last # of DB Queries
----------------------------  -----  ---------  --------  ----------  --------------  ----------  ----------------------
/opt/airflow/dags/etl-dag.py    201  0.04s             0           0                                                   0
================================================================================
[2026-05-05T22:00:16.294+0000] {manager.py:997} INFO - 
================================================================================
DAG File Processing Stats

File Path                     PID    Runtime      # DAGs    # Errors  Last Runtime    Last Run               Last # of DB Queries
----------------------------  -----  ---------  --------  ----------  --------------  -------------------  ----------------------
/opt/airflow/dags/etl-dag.py                           1           0  2.20s           2026-05-05T21:59:48                      34
================================================================================
[2026-05-05T22:00:46.314+0000] {manager.py:997} INFO - 
================================================================================
DAG File Processing Stats

File Path                     PID    Runtime      # DAGs    # Errors  Last Runtime    Last Run               Last # of DB Queries
----------------------------  -----  ---------  --------  ----------  --------------  -------------------  ----------------------
/opt/airflow/dags/etl-dag.py                           1           0  0.66s           2026-05-05T22:00:19                      12
================================================================================
[2026-05-05T22:01:16.366+0000] {manager.py:997} INFO - 
================================================================================
DAG File Processing Stats

File Path                     PID    Runtime      # DAGs    # Errors  Last Runtime    Last Run               Last # of DB Queries
----------------------------  -----  ---------  --------  ----------  --------------  -------------------  ----------------------
/opt/airflow/dags/etl-dag.py                           1           0  0.63s           2026-05-05T22:00:49                      12
================================================================================
[2026-05-05T22:01:46.853+0000] {manager.py:997} INFO - 
================================================================================
DAG File Processing Stats

File Path                     PID    Runtime      # DAGs    # Errors  Last Runtime    Last Run               Last # of DB Queries
----------------------------  -----  ---------  --------  ----------  --------------  -------------------  ----------------------
/opt/airflow/dags/etl-dag.py                           1           0  9.25s           2026-05-05T22:01:29                      12
================================================================================
[2026-05-05T22:02:17.185+0000] {manager.py:997} INFO - 
================================================================================
DAG File Processing Stats

File Path                     PID    Runtime      # DAGs    # Errors  Last Runtime    Last Run               Last # of DB Queries
----------------------------  -----  ---------  --------  ----------  --------------  -------------------  ----------------------
/opt/airflow/dags/etl-dag.py                           1           0  1.45s           2026-05-05T22:02:01                      12
================================================================================
[2026-05-05T22:02:47.500+0000] {manager.py:997} INFO - 
================================================================================
DAG File Processing Stats

File Path                     PID    Runtime      # DAGs    # Errors  Last Runtime    Last Run               Last # of DB Queries
----------------------------  -----  ---------  --------  ----------  --------------  -------------------  ----------------------
/opt/airflow/dags/etl-dag.py                           1           0  0.91s           2026-05-05T22:02:32                      12
================================================================================
[2026-05-05T22:03:17.857+0000] {manager.py:997} INFO - 
================================================================================
DAG File Processing Stats

File Path                     PID    Runtime      # DAGs    # Errors  Last Runtime    Last Run               Last # of DB Queries
----------------------------  -----  ---------  --------  ----------  --------------  -------------------  ----------------------
/opt/airflow/dags/etl-dag.py                           1           0  1.74s           2026-05-05T22:03:04                      12
================================================================================
[2026-05-05T22:12:26.511+0000] {manager.py:997} INFO - 
================================================================================
DAG File Processing Stats

File Path                       PID  Runtime      # DAGs    # Errors  Last Runtime    Last Run               Last # of DB Queries
----------------------------  -----  ---------  --------  ----------  --------------  -------------------  ----------------------
/opt/airflow/dags/etl-dag.py    298  44.39s            1           0  1.74s           2026-05-05T22:03:04                      12
================================================================================
[2026-05-05T22:20:20.565+0000] {manager.py:483} INFO - Processing files using up to 2 processes at a time 
[2026-05-05T22:20:20.568+0000] {manager.py:484} INFO - Process each file at most once every 30 seconds
[2026-05-05T22:20:20.570+0000] {manager.py:485} INFO - Checking for new files in /opt/airflow/dags every 300 seconds
[2026-05-05T22:20:20.571+0000] {manager.py:821} INFO - Searching for files in /opt/airflow/dags
[2026-05-05T22:20:20.649+0000] {manager.py:824} INFO - There are 1 files in /opt/airflow/dags
[2026-05-05T22:20:20.805+0000] {manager.py:997} INFO - 
================================================================================
DAG File Processing Stats

File Path                       PID  Runtime      # DAGs    # Errors  Last Runtime    Last Run      Last # of DB Queries
----------------------------  -----  ---------  --------  ----------  --------------  ----------  ----------------------
/opt/airflow/dags/etl-dag.py    197  0.05s             0           0                                                   0
================================================================================
[2026-05-05T22:20:30.710+0000] {manager.py:465} INFO - Exiting gracefully upon receiving signal 15
[2026-05-05T22:22:03.966+0000] {manager.py:483} INFO - Processing files using up to 2 processes at a time 
[2026-05-05T22:22:03.970+0000] {manager.py:484} INFO - Process each file at most once every 30 seconds
[2026-05-05T22:22:03.971+0000] {manager.py:485} INFO - Checking for new files in /opt/airflow/dags every 300 seconds
[2026-05-05T22:22:03.973+0000] {manager.py:821} INFO - Searching for files in /opt/airflow/dags
[2026-05-05T22:22:04.042+0000] {manager.py:824} INFO - There are 1 files in /opt/airflow/dags
[2026-05-05T22:22:04.455+0000] {manager.py:997} INFO - 
================================================================================
DAG File Processing Stats

File Path                       PID  Runtime      # DAGs    # Errors  Last Runtime    Last Run      Last # of DB Queries
----------------------------  -----  ---------  --------  ----------  --------------  ----------  ----------------------
/opt/airflow/dags/etl-dag.py    204  0.16s             0           0                                                   0
================================================================================
[2026-05-05T22:22:34.835+0000] {manager.py:997} INFO - 
================================================================================
DAG File Processing Stats

File Path                     PID    Runtime      # DAGs    # Errors  Last Runtime    Last Run               Last # of DB Queries
----------------------------  -----  ---------  --------  ----------  --------------  -------------------  ----------------------
/opt/airflow/dags/etl-dag.py                           1           0  9.59s           2026-05-05T22:22:13                      12
================================================================================
[2026-05-05T22:23:05.519+0000] {manager.py:997} INFO - 
================================================================================
DAG File Processing Stats

File Path                     PID    Runtime      # DAGs    # Errors  Last Runtime    Last Run               Last # of DB Queries
----------------------------  -----  ---------  --------  ----------  --------------  -------------------  ----------------------
/opt/airflow/dags/etl-dag.py                           1           0  1.59s           2026-05-05T22:22:45                      12
================================================================================
[2026-05-05T22:23:36.041+0000] {manager.py:997} INFO - 
================================================================================
DAG File Processing Stats

File Path                     PID    Runtime      # DAGs    # Errors  Last Runtime    Last Run               Last # of DB Queries
----------------------------  -----  ---------  --------  ----------  --------------  -------------------  ----------------------
/opt/airflow/dags/etl-dag.py                           1           0  2.67s           2026-05-05T22:23:18                      12
================================================================================
[2026-05-05T22:24:06.386+0000] {manager.py:997} INFO - 
================================================================================
DAG File Processing Stats

File Path                     PID    Runtime      # DAGs    # Errors  Last Runtime    Last Run               Last # of DB Queries
----------------------------  -----  ---------  --------  ----------  --------------  -------------------  ----------------------
/opt/airflow/dags/etl-dag.py                           1           0  1.73s           2026-05-05T22:23:50                      12
================================================================================
[2026-05-05T22:24:36.924+0000] {manager.py:997} INFO - 
================================================================================
DAG File Processing Stats

File Path                     PID    Runtime      # DAGs    # Errors  Last Runtime    Last Run               Last # of DB Queries
----------------------------  -----  ---------  --------  ----------  --------------  -------------------  ----------------------
/opt/airflow/dags/etl-dag.py                           1           0  3.27s           2026-05-05T22:24:23                      12
================================================================================
[2026-05-05T22:25:07.246+0000] {manager.py:997} INFO - 
================================================================================
DAG File Processing Stats

File Path                     PID    Runtime      # DAGs    # Errors  Last Runtime    Last Run               Last # of DB Queries
----------------------------  -----  ---------  --------  ----------  --------------  -------------------  ----------------------
/opt/airflow/dags/etl-dag.py                           1           0  1.61s           2026-05-05T22:24:55                      12
================================================================================
[2026-05-05T22:25:37.478+0000] {manager.py:997} INFO - 
================================================================================
DAG File Processing Stats

File Path                     PID    Runtime      # DAGs    # Errors  Last Runtime    Last Run               Last # of DB Queries
----------------------------  -----  ---------  --------  ----------  --------------  -------------------  ----------------------
/opt/airflow/dags/etl-dag.py                           1           0  0.76s           2026-05-05T22:25:26                      12
================================================================================
[2026-05-05T22:26:08.196+0000] {manager.py:997} INFO - 
================================================================================
DAG File Processing Stats

File Path                     PID    Runtime      # DAGs    # Errors  Last Runtime    Last Run               Last # of DB Queries
----------------------------  -----  ---------  --------  ----------  --------------  -------------------  ----------------------
/opt/airflow/dags/etl-dag.py                           1           0  1.12s           2026-05-05T22:25:58                      12
================================================================================
[2026-05-05T22:26:38.252+0000] {manager.py:997} INFO - 
================================================================================
DAG File Processing Stats

File Path                     PID    Runtime      # DAGs    # Errors  Last Runtime    Last Run               Last # of DB Queries
----------------------------  -----  ---------  --------  ----------  --------------  -------------------  ----------------------
/opt/airflow/dags/etl-dag.py                           1           0  0.74s           2026-05-05T22:26:29                      12
================================================================================
[2026-05-05T22:27:04.210+0000] {manager.py:821} INFO - Searching for files in /opt/airflow/dags
[2026-05-05T22:27:04.266+0000] {manager.py:824} INFO - There are 1 files in /opt/airflow/dags
[2026-05-05T22:27:08.323+0000] {manager.py:997} INFO - 
================================================================================
DAG File Processing Stats

File Path                     PID    Runtime      # DAGs    # Errors  Last Runtime    Last Run               Last # of DB Queries
----------------------------  -----  ---------  --------  ----------  --------------  -------------------  ----------------------
/opt/airflow/dags/etl-dag.py                           1           0  0.66s           2026-05-05T22:27:00                      12
================================================================================
[2026-05-05T22:27:38.343+0000] {manager.py:997} INFO - 
================================================================================
DAG File Processing Stats

File Path                     PID    Runtime      # DAGs    # Errors  Last Runtime    Last Run               Last # of DB Queries
----------------------------  -----  ---------  --------  ----------  --------------  -------------------  ----------------------
/opt/airflow/dags/etl-dag.py                           1           0  0.75s           2026-05-05T22:27:31                      12
================================================================================
[2026-05-05T22:28:08.351+0000] {manager.py:997} INFO - 
================================================================================
DAG File Processing Stats

File Path                     PID    Runtime      # DAGs    # Errors  Last Runtime    Last Run               Last # of DB Queries
----------------------------  -----  ---------  --------  ----------  --------------  -------------------  ----------------------
/opt/airflow/dags/etl-dag.py                           1           0  0.74s           2026-05-05T22:28:02                      12
================================================================================
