[2026-04-29T19:50:05.609+0000] {processor.py:186} INFO - Started process (PID=318) to work on /opt/airflow/dags/etl-dag.py
[2026-04-29T19:50:05.614+0000] {processor.py:914} INFO - Processing file /opt/airflow/dags/etl-dag.py for tasks to queue
[2026-04-29T19:50:05.707+0000] {logging_mixin.py:190} INFO - [2026-04-29T19:50:05.692+0000] {dagbag.py:588} INFO - Filling up the DagBag from /opt/airflow/dags/etl-dag.py
[2026-04-29T19:50:16.353+0000] {processor.py:925} INFO - DAG(s) 'etl_pipeline' retrieved from /opt/airflow/dags/etl-dag.py
[2026-04-29T19:50:17.021+0000] {logging_mixin.py:190} INFO - [2026-04-29T19:50:17.021+0000] {override.py:1911} INFO - Created Permission View: can delete on DAG:etl_pipeline
[2026-04-29T19:50:17.036+0000] {logging_mixin.py:190} INFO - [2026-04-29T19:50:17.036+0000] {override.py:1911} INFO - Created Permission View: can edit on DAG:etl_pipeline
[2026-04-29T19:50:17.043+0000] {logging_mixin.py:190} INFO - [2026-04-29T19:50:17.043+0000] {override.py:1911} INFO - Created Permission View: can read on DAG:etl_pipeline
[2026-04-29T19:50:17.055+0000] {logging_mixin.py:190} INFO - [2026-04-29T19:50:17.055+0000] {override.py:1911} INFO - Created Permission View: can delete on DAG Run:etl_pipeline
[2026-04-29T19:50:17.060+0000] {logging_mixin.py:190} INFO - [2026-04-29T19:50:17.060+0000] {override.py:1911} INFO - Created Permission View: can create on DAG Run:etl_pipeline
[2026-04-29T19:50:17.066+0000] {logging_mixin.py:190} INFO - [2026-04-29T19:50:17.066+0000] {override.py:1911} INFO - Created Permission View: menu access on DAG Run:etl_pipeline
[2026-04-29T19:50:17.075+0000] {logging_mixin.py:190} INFO - [2026-04-29T19:50:17.074+0000] {override.py:1911} INFO - Created Permission View: can read on DAG Run:etl_pipeline
[2026-04-29T19:50:17.076+0000] {logging_mixin.py:190} INFO - [2026-04-29T19:50:17.076+0000] {dag.py:3239} INFO - Sync 1 DAGs
[2026-04-29T19:50:17.095+0000] {logging_mixin.py:190} INFO - [2026-04-29T19:50:17.094+0000] {dag.py:3262} INFO - Creating ORM DAG for etl_pipeline
[2026-04-29T19:50:17.116+0000] {logging_mixin.py:190} INFO - [2026-04-29T19:50:17.115+0000] {dag.py:4180} INFO - Setting next_dagrun for etl_pipeline to 2026-04-28 00:00:00+00:00, run_after=2026-04-29 00:00:00+00:00
[2026-04-29T19:50:17.143+0000] {processor.py:208} INFO - Processing /opt/airflow/dags/etl-dag.py took 11.644 seconds
[2026-04-29T19:50:47.526+0000] {processor.py:186} INFO - Started process (PID=336) to work on /opt/airflow/dags/etl-dag.py
[2026-04-29T19:50:47.535+0000] {processor.py:914} INFO - Processing file /opt/airflow/dags/etl-dag.py for tasks to queue
[2026-04-29T19:50:47.538+0000] {logging_mixin.py:190} INFO - [2026-04-29T19:50:47.538+0000] {dagbag.py:588} INFO - Filling up the DagBag from /opt/airflow/dags/etl-dag.py
[2026-04-29T19:50:48.443+0000] {processor.py:925} INFO - DAG(s) 'etl_pipeline' retrieved from /opt/airflow/dags/etl-dag.py
[2026-04-29T19:50:48.497+0000] {logging_mixin.py:190} INFO - [2026-04-29T19:50:48.496+0000] {dag.py:3239} INFO - Sync 1 DAGs
[2026-04-29T19:50:48.517+0000] {logging_mixin.py:190} INFO - [2026-04-29T19:50:48.517+0000] {dag.py:4180} INFO - Setting next_dagrun for etl_pipeline to 2026-04-28 00:00:00+00:00, run_after=2026-04-29 00:00:00+00:00
[2026-04-29T19:50:48.544+0000] {processor.py:208} INFO - Processing /opt/airflow/dags/etl-dag.py took 1.026 seconds
[2026-04-29T19:51:18.859+0000] {processor.py:186} INFO - Started process (PID=349) to work on /opt/airflow/dags/etl-dag.py
[2026-04-29T19:51:18.861+0000] {processor.py:914} INFO - Processing file /opt/airflow/dags/etl-dag.py for tasks to queue
[2026-04-29T19:51:18.865+0000] {logging_mixin.py:190} INFO - [2026-04-29T19:51:18.864+0000] {dagbag.py:588} INFO - Filling up the DagBag from /opt/airflow/dags/etl-dag.py
[2026-04-29T19:51:20.000+0000] {processor.py:925} INFO - DAG(s) 'etl_pipeline' retrieved from /opt/airflow/dags/etl-dag.py
[2026-04-29T19:51:20.065+0000] {logging_mixin.py:190} INFO - [2026-04-29T19:51:20.065+0000] {dag.py:3239} INFO - Sync 1 DAGs
[2026-04-29T19:51:20.086+0000] {logging_mixin.py:190} INFO - [2026-04-29T19:51:20.085+0000] {dag.py:4180} INFO - Setting next_dagrun for etl_pipeline to 2026-04-28 00:00:00+00:00, run_after=2026-04-29 00:00:00+00:00
[2026-04-29T19:51:20.102+0000] {processor.py:208} INFO - Processing /opt/airflow/dags/etl-dag.py took 1.248 seconds
[2026-04-29T19:51:45.545+0000] {processor.py:186} INFO - Started process (PID=361) to work on /opt/airflow/dags/etl-dag.py
[2026-04-29T19:51:45.547+0000] {processor.py:914} INFO - Processing file /opt/airflow/dags/etl-dag.py for tasks to queue
[2026-04-29T19:51:45.551+0000] {logging_mixin.py:190} INFO - [2026-04-29T19:51:45.550+0000] {dagbag.py:588} INFO - Filling up the DagBag from /opt/airflow/dags/etl-dag.py
[2026-04-29T19:51:46.537+0000] {processor.py:925} INFO - DAG(s) 'etl_pipeline' retrieved from /opt/airflow/dags/etl-dag.py
[2026-04-29T19:51:46.763+0000] {logging_mixin.py:190} INFO - [2026-04-29T19:51:46.762+0000] {dag.py:3239} INFO - Sync 1 DAGs
[2026-04-29T19:51:46.906+0000] {logging_mixin.py:190} INFO - [2026-04-29T19:51:46.905+0000] {dag.py:4180} INFO - Setting next_dagrun for etl_pipeline to 2026-04-28 00:00:00+00:00, run_after=2026-04-29 00:00:00+00:00
[2026-04-29T19:51:46.982+0000] {processor.py:208} INFO - Processing /opt/airflow/dags/etl-dag.py took 1.443 seconds
[2026-04-29T19:52:17.383+0000] {processor.py:186} INFO - Started process (PID=374) to work on /opt/airflow/dags/etl-dag.py
[2026-04-29T19:52:17.385+0000] {processor.py:914} INFO - Processing file /opt/airflow/dags/etl-dag.py for tasks to queue
[2026-04-29T19:52:17.389+0000] {logging_mixin.py:190} INFO - [2026-04-29T19:52:17.388+0000] {dagbag.py:588} INFO - Filling up the DagBag from /opt/airflow/dags/etl-dag.py
[2026-04-29T19:52:19.005+0000] {processor.py:925} INFO - DAG(s) 'etl_pipeline' retrieved from /opt/airflow/dags/etl-dag.py
[2026-04-29T19:52:19.055+0000] {logging_mixin.py:190} INFO - [2026-04-29T19:52:19.055+0000] {dag.py:3239} INFO - Sync 1 DAGs
[2026-04-29T19:52:19.082+0000] {logging_mixin.py:190} INFO - [2026-04-29T19:52:19.082+0000] {dag.py:4180} INFO - Setting next_dagrun for etl_pipeline to 2026-04-28 00:00:00+00:00, run_after=2026-04-29 00:00:00+00:00
[2026-04-29T19:52:19.104+0000] {processor.py:208} INFO - Processing /opt/airflow/dags/etl-dag.py took 1.726 seconds
[2026-04-29T19:52:36.118+0000] {processor.py:186} INFO - Started process (PID=381) to work on /opt/airflow/dags/etl-dag.py
[2026-04-29T19:52:36.120+0000] {processor.py:914} INFO - Processing file /opt/airflow/dags/etl-dag.py for tasks to queue
[2026-04-29T19:52:36.130+0000] {logging_mixin.py:190} INFO - [2026-04-29T19:52:36.130+0000] {dagbag.py:588} INFO - Filling up the DagBag from /opt/airflow/dags/etl-dag.py
[2026-04-29T19:52:38.245+0000] {processor.py:925} INFO - DAG(s) 'etl_pipeline' retrieved from /opt/airflow/dags/etl-dag.py
[2026-04-29T19:52:38.268+0000] {logging_mixin.py:190} INFO - [2026-04-29T19:52:38.268+0000] {dag.py:3239} INFO - Sync 1 DAGs
[2026-04-29T19:52:38.295+0000] {logging_mixin.py:190} INFO - [2026-04-29T19:52:38.295+0000] {dag.py:4180} INFO - Setting next_dagrun for etl_pipeline to 2026-04-28 00:00:00+00:00, run_after=2026-04-29 00:00:00+00:00
[2026-04-29T19:52:38.329+0000] {processor.py:208} INFO - Processing /opt/airflow/dags/etl-dag.py took 2.216 seconds
[2026-04-29T19:52:40.457+0000] {processor.py:186} INFO - Started process (PID=394) to work on /opt/airflow/dags/etl-dag.py
[2026-04-29T19:52:40.458+0000] {processor.py:914} INFO - Processing file /opt/airflow/dags/etl-dag.py for tasks to queue
[2026-04-29T19:52:40.460+0000] {logging_mixin.py:190} INFO - [2026-04-29T19:52:40.460+0000] {dagbag.py:588} INFO - Filling up the DagBag from /opt/airflow/dags/etl-dag.py
[2026-04-29T19:52:41.120+0000] {processor.py:925} INFO - DAG(s) 'etl_pipeline' retrieved from /opt/airflow/dags/etl-dag.py
[2026-04-29T19:52:41.143+0000] {logging_mixin.py:190} INFO - [2026-04-29T19:52:41.142+0000] {dag.py:3239} INFO - Sync 1 DAGs
[2026-04-29T19:52:41.157+0000] {logging_mixin.py:190} INFO - [2026-04-29T19:52:41.157+0000] {dag.py:4180} INFO - Setting next_dagrun for etl_pipeline to 2026-04-28 00:00:00+00:00, run_after=2026-04-29 00:00:00+00:00
[2026-04-29T19:52:41.177+0000] {processor.py:208} INFO - Processing /opt/airflow/dags/etl-dag.py took 0.726 seconds
[2026-04-29T19:53:11.576+0000] {processor.py:186} INFO - Started process (PID=407) to work on /opt/airflow/dags/etl-dag.py
[2026-04-29T19:53:11.578+0000] {processor.py:914} INFO - Processing file /opt/airflow/dags/etl-dag.py for tasks to queue
[2026-04-29T19:53:11.580+0000] {logging_mixin.py:190} INFO - [2026-04-29T19:53:11.580+0000] {dagbag.py:588} INFO - Filling up the DagBag from /opt/airflow/dags/etl-dag.py
[2026-04-29T19:53:12.194+0000] {processor.py:925} INFO - DAG(s) 'etl_pipeline' retrieved from /opt/airflow/dags/etl-dag.py
[2026-04-29T19:53:12.217+0000] {logging_mixin.py:190} INFO - [2026-04-29T19:53:12.216+0000] {dag.py:3239} INFO - Sync 1 DAGs
[2026-04-29T19:53:12.238+0000] {logging_mixin.py:190} INFO - [2026-04-29T19:53:12.237+0000] {dag.py:4180} INFO - Setting next_dagrun for etl_pipeline to 2026-04-28 00:00:00+00:00, run_after=2026-04-29 00:00:00+00:00
[2026-04-29T19:53:12.261+0000] {processor.py:208} INFO - Processing /opt/airflow/dags/etl-dag.py took 0.694 seconds
[2026-04-29T19:53:42.673+0000] {processor.py:186} INFO - Started process (PID=420) to work on /opt/airflow/dags/etl-dag.py
[2026-04-29T19:53:42.675+0000] {processor.py:914} INFO - Processing file /opt/airflow/dags/etl-dag.py for tasks to queue
[2026-04-29T19:53:42.678+0000] {logging_mixin.py:190} INFO - [2026-04-29T19:53:42.678+0000] {dagbag.py:588} INFO - Filling up the DagBag from /opt/airflow/dags/etl-dag.py
[2026-04-29T19:53:43.656+0000] {processor.py:925} INFO - DAG(s) 'etl_pipeline' retrieved from /opt/airflow/dags/etl-dag.py
[2026-04-29T19:53:43.692+0000] {logging_mixin.py:190} INFO - [2026-04-29T19:53:43.692+0000] {dag.py:3239} INFO - Sync 1 DAGs
[2026-04-29T19:53:43.720+0000] {logging_mixin.py:190} INFO - [2026-04-29T19:53:43.720+0000] {dag.py:4180} INFO - Setting next_dagrun for etl_pipeline to 2026-04-28 00:00:00+00:00, run_after=2026-04-29 00:00:00+00:00
[2026-04-29T19:53:43.743+0000] {processor.py:208} INFO - Processing /opt/airflow/dags/etl-dag.py took 1.075 seconds
[2026-04-29T19:54:14.036+0000] {processor.py:186} INFO - Started process (PID=433) to work on /opt/airflow/dags/etl-dag.py
[2026-04-29T19:54:14.040+0000] {processor.py:914} INFO - Processing file /opt/airflow/dags/etl-dag.py for tasks to queue
[2026-04-29T19:54:14.045+0000] {logging_mixin.py:190} INFO - [2026-04-29T19:54:14.044+0000] {dagbag.py:588} INFO - Filling up the DagBag from /opt/airflow/dags/etl-dag.py
[2026-04-29T19:54:14.767+0000] {processor.py:925} INFO - DAG(s) 'etl_pipeline' retrieved from /opt/airflow/dags/etl-dag.py
[2026-04-29T19:54:14.787+0000] {logging_mixin.py:190} INFO - [2026-04-29T19:54:14.786+0000] {dag.py:3239} INFO - Sync 1 DAGs
[2026-04-29T19:54:14.802+0000] {logging_mixin.py:190} INFO - [2026-04-29T19:54:14.801+0000] {dag.py:4180} INFO - Setting next_dagrun for etl_pipeline to 2026-04-28 00:00:00+00:00, run_after=2026-04-29 00:00:00+00:00
[2026-04-29T19:54:14.819+0000] {processor.py:208} INFO - Processing /opt/airflow/dags/etl-dag.py took 0.791 seconds
[2026-04-29T19:54:45.195+0000] {processor.py:186} INFO - Started process (PID=446) to work on /opt/airflow/dags/etl-dag.py
[2026-04-29T19:54:45.197+0000] {processor.py:914} INFO - Processing file /opt/airflow/dags/etl-dag.py for tasks to queue
[2026-04-29T19:54:45.199+0000] {logging_mixin.py:190} INFO - [2026-04-29T19:54:45.199+0000] {dagbag.py:588} INFO - Filling up the DagBag from /opt/airflow/dags/etl-dag.py
[2026-04-29T19:54:45.804+0000] {processor.py:925} INFO - DAG(s) 'etl_pipeline' retrieved from /opt/airflow/dags/etl-dag.py
[2026-04-29T19:54:45.926+0000] {logging_mixin.py:190} INFO - [2026-04-29T19:54:45.925+0000] {dag.py:3239} INFO - Sync 1 DAGs
[2026-04-29T19:54:46.035+0000] {logging_mixin.py:190} INFO - [2026-04-29T19:54:46.035+0000] {dag.py:4180} INFO - Setting next_dagrun for etl_pipeline to 2026-04-28 00:00:00+00:00, run_after=2026-04-29 00:00:00+00:00
[2026-04-29T19:54:46.068+0000] {processor.py:208} INFO - Processing /opt/airflow/dags/etl-dag.py took 0.878 seconds
[2026-04-29T19:55:16.494+0000] {processor.py:186} INFO - Started process (PID=459) to work on /opt/airflow/dags/etl-dag.py
[2026-04-29T19:55:16.497+0000] {processor.py:914} INFO - Processing file /opt/airflow/dags/etl-dag.py for tasks to queue
[2026-04-29T19:55:16.501+0000] {logging_mixin.py:190} INFO - [2026-04-29T19:55:16.500+0000] {dagbag.py:588} INFO - Filling up the DagBag from /opt/airflow/dags/etl-dag.py
[2026-04-29T19:55:17.438+0000] {processor.py:925} INFO - DAG(s) 'etl_pipeline' retrieved from /opt/airflow/dags/etl-dag.py
[2026-04-29T19:55:17.460+0000] {logging_mixin.py:190} INFO - [2026-04-29T19:55:17.460+0000] {dag.py:3239} INFO - Sync 1 DAGs
[2026-04-29T19:55:17.482+0000] {logging_mixin.py:190} INFO - [2026-04-29T19:55:17.481+0000] {dag.py:4180} INFO - Setting next_dagrun for etl_pipeline to 2026-04-28 00:00:00+00:00, run_after=2026-04-29 00:00:00+00:00
[2026-04-29T19:55:17.505+0000] {processor.py:208} INFO - Processing /opt/airflow/dags/etl-dag.py took 1.016 seconds
[2026-04-29T19:55:47.894+0000] {processor.py:186} INFO - Started process (PID=472) to work on /opt/airflow/dags/etl-dag.py
[2026-04-29T19:55:47.898+0000] {processor.py:914} INFO - Processing file /opt/airflow/dags/etl-dag.py for tasks to queue
[2026-04-29T19:55:47.904+0000] {logging_mixin.py:190} INFO - [2026-04-29T19:55:47.903+0000] {dagbag.py:588} INFO - Filling up the DagBag from /opt/airflow/dags/etl-dag.py
[2026-04-29T19:55:48.545+0000] {processor.py:925} INFO - DAG(s) 'etl_pipeline' retrieved from /opt/airflow/dags/etl-dag.py
[2026-04-29T19:55:48.574+0000] {logging_mixin.py:190} INFO - [2026-04-29T19:55:48.574+0000] {dag.py:3239} INFO - Sync 1 DAGs
[2026-04-29T19:55:48.595+0000] {logging_mixin.py:190} INFO - [2026-04-29T19:55:48.594+0000] {dag.py:4180} INFO - Setting next_dagrun for etl_pipeline to 2026-04-28 00:00:00+00:00, run_after=2026-04-29 00:00:00+00:00
[2026-04-29T19:55:48.616+0000] {processor.py:208} INFO - Processing /opt/airflow/dags/etl-dag.py took 0.738 seconds
[2026-04-29T19:56:19.006+0000] {processor.py:186} INFO - Started process (PID=485) to work on /opt/airflow/dags/etl-dag.py
[2026-04-29T19:56:19.007+0000] {processor.py:914} INFO - Processing file /opt/airflow/dags/etl-dag.py for tasks to queue
[2026-04-29T19:56:19.010+0000] {logging_mixin.py:190} INFO - [2026-04-29T19:56:19.010+0000] {dagbag.py:588} INFO - Filling up the DagBag from /opt/airflow/dags/etl-dag.py
[2026-04-29T19:56:19.771+0000] {processor.py:925} INFO - DAG(s) 'etl_pipeline' retrieved from /opt/airflow/dags/etl-dag.py
[2026-04-29T19:56:19.806+0000] {logging_mixin.py:190} INFO - [2026-04-29T19:56:19.805+0000] {dag.py:3239} INFO - Sync 1 DAGs
[2026-04-29T19:56:19.830+0000] {logging_mixin.py:190} INFO - [2026-04-29T19:56:19.829+0000] {dag.py:4180} INFO - Setting next_dagrun for etl_pipeline to 2026-04-28 00:00:00+00:00, run_after=2026-04-29 00:00:00+00:00
[2026-04-29T19:56:19.847+0000] {processor.py:208} INFO - Processing /opt/airflow/dags/etl-dag.py took 0.848 seconds
[2026-04-29T19:56:50.179+0000] {processor.py:186} INFO - Started process (PID=498) to work on /opt/airflow/dags/etl-dag.py
[2026-04-29T19:56:50.180+0000] {processor.py:914} INFO - Processing file /opt/airflow/dags/etl-dag.py for tasks to queue
[2026-04-29T19:56:50.182+0000] {logging_mixin.py:190} INFO - [2026-04-29T19:56:50.182+0000] {dagbag.py:588} INFO - Filling up the DagBag from /opt/airflow/dags/etl-dag.py
[2026-04-29T19:56:50.867+0000] {processor.py:925} INFO - DAG(s) 'etl_pipeline' retrieved from /opt/airflow/dags/etl-dag.py
[2026-04-29T19:56:50.904+0000] {logging_mixin.py:190} INFO - [2026-04-29T19:56:50.904+0000] {dag.py:3239} INFO - Sync 1 DAGs
[2026-04-29T19:56:50.956+0000] {logging_mixin.py:190} INFO - [2026-04-29T19:56:50.955+0000] {dag.py:4180} INFO - Setting next_dagrun for etl_pipeline to 2026-04-28 00:00:00+00:00, run_after=2026-04-29 00:00:00+00:00
[2026-04-29T19:56:50.983+0000] {processor.py:208} INFO - Processing /opt/airflow/dags/etl-dag.py took 0.812 seconds
[2026-04-29T19:57:21.408+0000] {processor.py:186} INFO - Started process (PID=511) to work on /opt/airflow/dags/etl-dag.py
[2026-04-29T19:57:21.411+0000] {processor.py:914} INFO - Processing file /opt/airflow/dags/etl-dag.py for tasks to queue
[2026-04-29T19:57:21.416+0000] {logging_mixin.py:190} INFO - [2026-04-29T19:57:21.415+0000] {dagbag.py:588} INFO - Filling up the DagBag from /opt/airflow/dags/etl-dag.py
[2026-04-29T19:57:22.119+0000] {processor.py:925} INFO - DAG(s) 'etl_pipeline' retrieved from /opt/airflow/dags/etl-dag.py
[2026-04-29T19:57:22.153+0000] {logging_mixin.py:190} INFO - [2026-04-29T19:57:22.153+0000] {dag.py:3239} INFO - Sync 1 DAGs
[2026-04-29T19:57:22.183+0000] {logging_mixin.py:190} INFO - [2026-04-29T19:57:22.181+0000] {dag.py:4180} INFO - Setting next_dagrun for etl_pipeline to 2026-04-28 00:00:00+00:00, run_after=2026-04-29 00:00:00+00:00
[2026-04-29T19:57:22.209+0000] {processor.py:208} INFO - Processing /opt/airflow/dags/etl-dag.py took 0.810 seconds
[2026-04-29T19:57:51.776+0000] {processor.py:186} INFO - Started process (PID=524) to work on /opt/airflow/dags/etl-dag.py
[2026-04-29T19:57:51.777+0000] {processor.py:914} INFO - Processing file /opt/airflow/dags/etl-dag.py for tasks to queue
[2026-04-29T19:57:51.779+0000] {logging_mixin.py:190} INFO - [2026-04-29T19:57:51.779+0000] {dagbag.py:588} INFO - Filling up the DagBag from /opt/airflow/dags/etl-dag.py
[2026-04-29T19:57:53.040+0000] {processor.py:925} INFO - DAG(s) 'etl_pipeline' retrieved from /opt/airflow/dags/etl-dag.py
[2026-04-29T19:57:53.074+0000] {logging_mixin.py:190} INFO - [2026-04-29T19:57:53.073+0000] {dag.py:3239} INFO - Sync 1 DAGs
[2026-04-29T19:57:53.094+0000] {logging_mixin.py:190} INFO - [2026-04-29T19:57:53.094+0000] {dag.py:4180} INFO - Setting next_dagrun for etl_pipeline to 2026-04-28 00:00:00+00:00, run_after=2026-04-29 00:00:00+00:00
[2026-04-29T19:57:53.141+0000] {processor.py:208} INFO - Processing /opt/airflow/dags/etl-dag.py took 1.371 seconds
[2026-04-29T19:58:23.507+0000] {processor.py:186} INFO - Started process (PID=537) to work on /opt/airflow/dags/etl-dag.py
[2026-04-29T19:58:23.508+0000] {processor.py:914} INFO - Processing file /opt/airflow/dags/etl-dag.py for tasks to queue
[2026-04-29T19:58:23.510+0000] {logging_mixin.py:190} INFO - [2026-04-29T19:58:23.510+0000] {dagbag.py:588} INFO - Filling up the DagBag from /opt/airflow/dags/etl-dag.py
[2026-04-29T19:58:24.102+0000] {processor.py:925} INFO - DAG(s) 'etl_pipeline' retrieved from /opt/airflow/dags/etl-dag.py
[2026-04-29T19:58:24.186+0000] {logging_mixin.py:190} INFO - [2026-04-29T19:58:24.185+0000] {dag.py:3239} INFO - Sync 1 DAGs
[2026-04-29T19:58:24.276+0000] {logging_mixin.py:190} INFO - [2026-04-29T19:58:24.274+0000] {dag.py:4180} INFO - Setting next_dagrun for etl_pipeline to 2026-04-28 00:00:00+00:00, run_after=2026-04-29 00:00:00+00:00
[2026-04-29T19:58:24.333+0000] {processor.py:208} INFO - Processing /opt/airflow/dags/etl-dag.py took 0.830 seconds
[2026-04-29T19:58:54.769+0000] {processor.py:186} INFO - Started process (PID=550) to work on /opt/airflow/dags/etl-dag.py
[2026-04-29T19:58:54.771+0000] {processor.py:914} INFO - Processing file /opt/airflow/dags/etl-dag.py for tasks to queue
[2026-04-29T19:58:54.773+0000] {logging_mixin.py:190} INFO - [2026-04-29T19:58:54.773+0000] {dagbag.py:588} INFO - Filling up the DagBag from /opt/airflow/dags/etl-dag.py
[2026-04-29T19:58:55.389+0000] {processor.py:925} INFO - DAG(s) 'etl_pipeline' retrieved from /opt/airflow/dags/etl-dag.py
[2026-04-29T19:58:55.416+0000] {logging_mixin.py:190} INFO - [2026-04-29T19:58:55.416+0000] {dag.py:3239} INFO - Sync 1 DAGs
[2026-04-29T19:58:55.435+0000] {logging_mixin.py:190} INFO - [2026-04-29T19:58:55.434+0000] {dag.py:4180} INFO - Setting next_dagrun for etl_pipeline to 2026-04-28 00:00:00+00:00, run_after=2026-04-29 00:00:00+00:00
[2026-04-29T19:58:55.452+0000] {processor.py:208} INFO - Processing /opt/airflow/dags/etl-dag.py took 0.688 seconds
[2026-04-29T19:59:25.862+0000] {processor.py:186} INFO - Started process (PID=563) to work on /opt/airflow/dags/etl-dag.py
[2026-04-29T19:59:25.863+0000] {processor.py:914} INFO - Processing file /opt/airflow/dags/etl-dag.py for tasks to queue
[2026-04-29T19:59:25.866+0000] {logging_mixin.py:190} INFO - [2026-04-29T19:59:25.865+0000] {dagbag.py:588} INFO - Filling up the DagBag from /opt/airflow/dags/etl-dag.py
[2026-04-29T19:59:26.429+0000] {processor.py:925} INFO - DAG(s) 'etl_pipeline' retrieved from /opt/airflow/dags/etl-dag.py
[2026-04-29T19:59:26.456+0000] {logging_mixin.py:190} INFO - [2026-04-29T19:59:26.456+0000] {dag.py:3239} INFO - Sync 1 DAGs
[2026-04-29T19:59:26.472+0000] {logging_mixin.py:190} INFO - [2026-04-29T19:59:26.472+0000] {dag.py:4180} INFO - Setting next_dagrun for etl_pipeline to 2026-04-28 00:00:00+00:00, run_after=2026-04-29 00:00:00+00:00
[2026-04-29T19:59:26.488+0000] {processor.py:208} INFO - Processing /opt/airflow/dags/etl-dag.py took 0.632 seconds
[2026-04-29T19:59:56.863+0000] {processor.py:186} INFO - Started process (PID=576) to work on /opt/airflow/dags/etl-dag.py
[2026-04-29T19:59:56.865+0000] {processor.py:914} INFO - Processing file /opt/airflow/dags/etl-dag.py for tasks to queue
[2026-04-29T19:59:56.867+0000] {logging_mixin.py:190} INFO - [2026-04-29T19:59:56.867+0000] {dagbag.py:588} INFO - Filling up the DagBag from /opt/airflow/dags/etl-dag.py
[2026-04-29T19:59:57.562+0000] {processor.py:925} INFO - DAG(s) 'etl_pipeline' retrieved from /opt/airflow/dags/etl-dag.py
[2026-04-29T19:59:57.636+0000] {logging_mixin.py:190} INFO - [2026-04-29T19:59:57.636+0000] {dag.py:3239} INFO - Sync 1 DAGs
[2026-04-29T19:59:57.677+0000] {logging_mixin.py:190} INFO - [2026-04-29T19:59:57.677+0000] {dag.py:4180} INFO - Setting next_dagrun for etl_pipeline to 2026-04-28 00:00:00+00:00, run_after=2026-04-29 00:00:00+00:00
[2026-04-29T19:59:57.700+0000] {processor.py:208} INFO - Processing /opt/airflow/dags/etl-dag.py took 0.845 seconds
[2026-04-29T20:00:27.955+0000] {processor.py:186} INFO - Started process (PID=589) to work on /opt/airflow/dags/etl-dag.py
[2026-04-29T20:00:27.956+0000] {processor.py:914} INFO - Processing file /opt/airflow/dags/etl-dag.py for tasks to queue
[2026-04-29T20:00:27.958+0000] {logging_mixin.py:190} INFO - [2026-04-29T20:00:27.958+0000] {dagbag.py:588} INFO - Filling up the DagBag from /opt/airflow/dags/etl-dag.py
[2026-04-29T20:00:28.480+0000] {processor.py:925} INFO - DAG(s) 'etl_pipeline' retrieved from /opt/airflow/dags/etl-dag.py
[2026-04-29T20:00:28.549+0000] {logging_mixin.py:190} INFO - [2026-04-29T20:00:28.548+0000] {dag.py:3239} INFO - Sync 1 DAGs
[2026-04-29T20:00:28.672+0000] {logging_mixin.py:190} INFO - [2026-04-29T20:00:28.671+0000] {dag.py:4180} INFO - Setting next_dagrun for etl_pipeline to 2026-04-28 00:00:00+00:00, run_after=2026-04-29 00:00:00+00:00
[2026-04-29T20:00:28.719+0000] {processor.py:208} INFO - Processing /opt/airflow/dags/etl-dag.py took 0.770 seconds
[2026-04-29T20:00:59.121+0000] {processor.py:186} INFO - Started process (PID=602) to work on /opt/airflow/dags/etl-dag.py
[2026-04-29T20:00:59.122+0000] {processor.py:914} INFO - Processing file /opt/airflow/dags/etl-dag.py for tasks to queue
[2026-04-29T20:00:59.124+0000] {logging_mixin.py:190} INFO - [2026-04-29T20:00:59.124+0000] {dagbag.py:588} INFO - Filling up the DagBag from /opt/airflow/dags/etl-dag.py
[2026-04-29T20:00:59.646+0000] {processor.py:925} INFO - DAG(s) 'etl_pipeline' retrieved from /opt/airflow/dags/etl-dag.py
[2026-04-29T20:00:59.664+0000] {logging_mixin.py:190} INFO - [2026-04-29T20:00:59.664+0000] {dag.py:3239} INFO - Sync 1 DAGs
[2026-04-29T20:00:59.679+0000] {logging_mixin.py:190} INFO - [2026-04-29T20:00:59.679+0000] {dag.py:4180} INFO - Setting next_dagrun for etl_pipeline to 2026-04-28 00:00:00+00:00, run_after=2026-04-29 00:00:00+00:00
[2026-04-29T20:00:59.699+0000] {processor.py:208} INFO - Processing /opt/airflow/dags/etl-dag.py took 0.584 seconds
[2026-04-29T20:01:29.775+0000] {processor.py:186} INFO - Started process (PID=615) to work on /opt/airflow/dags/etl-dag.py
[2026-04-29T20:01:29.776+0000] {processor.py:914} INFO - Processing file /opt/airflow/dags/etl-dag.py for tasks to queue
[2026-04-29T20:01:29.779+0000] {logging_mixin.py:190} INFO - [2026-04-29T20:01:29.778+0000] {dagbag.py:588} INFO - Filling up the DagBag from /opt/airflow/dags/etl-dag.py
[2026-04-29T20:01:30.301+0000] {processor.py:925} INFO - DAG(s) 'etl_pipeline' retrieved from /opt/airflow/dags/etl-dag.py
[2026-04-29T20:01:30.320+0000] {logging_mixin.py:190} INFO - [2026-04-29T20:01:30.320+0000] {dag.py:3239} INFO - Sync 1 DAGs
[2026-04-29T20:01:30.337+0000] {logging_mixin.py:190} INFO - [2026-04-29T20:01:30.337+0000] {dag.py:4180} INFO - Setting next_dagrun for etl_pipeline to 2026-04-28 00:00:00+00:00, run_after=2026-04-29 00:00:00+00:00
[2026-04-29T20:01:30.357+0000] {processor.py:208} INFO - Processing /opt/airflow/dags/etl-dag.py took 0.587 seconds
[2026-04-29T20:02:00.433+0000] {processor.py:186} INFO - Started process (PID=628) to work on /opt/airflow/dags/etl-dag.py
[2026-04-29T20:02:00.434+0000] {processor.py:914} INFO - Processing file /opt/airflow/dags/etl-dag.py for tasks to queue
[2026-04-29T20:02:00.438+0000] {logging_mixin.py:190} INFO - [2026-04-29T20:02:00.437+0000] {dagbag.py:588} INFO - Filling up the DagBag from /opt/airflow/dags/etl-dag.py
[2026-04-29T20:02:00.948+0000] {processor.py:925} INFO - DAG(s) 'etl_pipeline' retrieved from /opt/airflow/dags/etl-dag.py
[2026-04-29T20:02:00.976+0000] {logging_mixin.py:190} INFO - [2026-04-29T20:02:00.976+0000] {dag.py:3239} INFO - Sync 1 DAGs
[2026-04-29T20:02:01.010+0000] {logging_mixin.py:190} INFO - [2026-04-29T20:02:01.010+0000] {dag.py:4180} INFO - Setting next_dagrun for etl_pipeline to 2026-04-28 00:00:00+00:00, run_after=2026-04-29 00:00:00+00:00
[2026-04-29T20:02:01.032+0000] {processor.py:208} INFO - Processing /opt/airflow/dags/etl-dag.py took 0.603 seconds
[2026-04-29T20:02:31.528+0000] {processor.py:186} INFO - Started process (PID=641) to work on /opt/airflow/dags/etl-dag.py
[2026-04-29T20:02:31.532+0000] {processor.py:914} INFO - Processing file /opt/airflow/dags/etl-dag.py for tasks to queue
[2026-04-29T20:02:31.538+0000] {logging_mixin.py:190} INFO - [2026-04-29T20:02:31.538+0000] {dagbag.py:588} INFO - Filling up the DagBag from /opt/airflow/dags/etl-dag.py
[2026-04-29T20:02:32.454+0000] {processor.py:925} INFO - DAG(s) 'etl_pipeline' retrieved from /opt/airflow/dags/etl-dag.py
[2026-04-29T20:02:32.491+0000] {logging_mixin.py:190} INFO - [2026-04-29T20:02:32.490+0000] {dag.py:3239} INFO - Sync 1 DAGs
[2026-04-29T20:02:32.516+0000] {logging_mixin.py:190} INFO - [2026-04-29T20:02:32.516+0000] {dag.py:4180} INFO - Setting next_dagrun for etl_pipeline to 2026-04-28 00:00:00+00:00, run_after=2026-04-29 00:00:00+00:00
[2026-04-29T20:02:32.540+0000] {processor.py:208} INFO - Processing /opt/airflow/dags/etl-dag.py took 1.027 seconds
[2026-04-29T20:03:02.830+0000] {processor.py:186} INFO - Started process (PID=654) to work on /opt/airflow/dags/etl-dag.py
[2026-04-29T20:03:02.832+0000] {processor.py:914} INFO - Processing file /opt/airflow/dags/etl-dag.py for tasks to queue
[2026-04-29T20:03:02.834+0000] {logging_mixin.py:190} INFO - [2026-04-29T20:03:02.834+0000] {dagbag.py:588} INFO - Filling up the DagBag from /opt/airflow/dags/etl-dag.py
[2026-04-29T20:03:03.459+0000] {processor.py:925} INFO - DAG(s) 'etl_pipeline' retrieved from /opt/airflow/dags/etl-dag.py
[2026-04-29T20:03:03.480+0000] {logging_mixin.py:190} INFO - [2026-04-29T20:03:03.480+0000] {dag.py:3239} INFO - Sync 1 DAGs
[2026-04-29T20:03:03.530+0000] {logging_mixin.py:190} INFO - [2026-04-29T20:03:03.529+0000] {dag.py:4180} INFO - Setting next_dagrun for etl_pipeline to 2026-04-28 00:00:00+00:00, run_after=2026-04-29 00:00:00+00:00
[2026-04-29T20:03:03.589+0000] {processor.py:208} INFO - Processing /opt/airflow/dags/etl-dag.py took 0.765 seconds
[2026-04-29T20:03:33.993+0000] {processor.py:186} INFO - Started process (PID=667) to work on /opt/airflow/dags/etl-dag.py
[2026-04-29T20:03:33.995+0000] {processor.py:914} INFO - Processing file /opt/airflow/dags/etl-dag.py for tasks to queue
[2026-04-29T20:03:33.998+0000] {logging_mixin.py:190} INFO - [2026-04-29T20:03:33.998+0000] {dagbag.py:588} INFO - Filling up the DagBag from /opt/airflow/dags/etl-dag.py
[2026-04-29T20:03:34.625+0000] {processor.py:925} INFO - DAG(s) 'etl_pipeline' retrieved from /opt/airflow/dags/etl-dag.py
[2026-04-29T20:03:34.643+0000] {logging_mixin.py:190} INFO - [2026-04-29T20:03:34.643+0000] {dag.py:3239} INFO - Sync 1 DAGs
[2026-04-29T20:03:34.660+0000] {logging_mixin.py:190} INFO - [2026-04-29T20:03:34.660+0000] {dag.py:4180} INFO - Setting next_dagrun for etl_pipeline to 2026-04-28 00:00:00+00:00, run_after=2026-04-29 00:00:00+00:00
[2026-04-29T20:03:34.677+0000] {processor.py:208} INFO - Processing /opt/airflow/dags/etl-dag.py took 0.690 seconds
[2026-04-29T20:04:05.038+0000] {processor.py:186} INFO - Started process (PID=680) to work on /opt/airflow/dags/etl-dag.py
[2026-04-29T20:04:05.040+0000] {processor.py:914} INFO - Processing file /opt/airflow/dags/etl-dag.py for tasks to queue
[2026-04-29T20:04:05.042+0000] {logging_mixin.py:190} INFO - [2026-04-29T20:04:05.042+0000] {dagbag.py:588} INFO - Filling up the DagBag from /opt/airflow/dags/etl-dag.py
[2026-04-29T20:04:05.555+0000] {processor.py:925} INFO - DAG(s) 'etl_pipeline' retrieved from /opt/airflow/dags/etl-dag.py
[2026-04-29T20:04:05.581+0000] {logging_mixin.py:190} INFO - [2026-04-29T20:04:05.581+0000] {dag.py:3239} INFO - Sync 1 DAGs
[2026-04-29T20:04:05.596+0000] {logging_mixin.py:190} INFO - [2026-04-29T20:04:05.596+0000] {dag.py:4180} INFO - Setting next_dagrun for etl_pipeline to 2026-04-28 00:00:00+00:00, run_after=2026-04-29 00:00:00+00:00
[2026-04-29T20:04:05.623+0000] {processor.py:208} INFO - Processing /opt/airflow/dags/etl-dag.py took 0.590 seconds
[2026-04-29T20:04:36.088+0000] {processor.py:186} INFO - Started process (PID=693) to work on /opt/airflow/dags/etl-dag.py
[2026-04-29T20:04:36.090+0000] {processor.py:914} INFO - Processing file /opt/airflow/dags/etl-dag.py for tasks to queue
[2026-04-29T20:04:36.092+0000] {logging_mixin.py:190} INFO - [2026-04-29T20:04:36.092+0000] {dagbag.py:588} INFO - Filling up the DagBag from /opt/airflow/dags/etl-dag.py
[2026-04-29T20:04:36.597+0000] {processor.py:925} INFO - DAG(s) 'etl_pipeline' retrieved from /opt/airflow/dags/etl-dag.py
[2026-04-29T20:04:36.615+0000] {logging_mixin.py:190} INFO - [2026-04-29T20:04:36.614+0000] {dag.py:3239} INFO - Sync 1 DAGs
[2026-04-29T20:04:36.628+0000] {logging_mixin.py:190} INFO - [2026-04-29T20:04:36.628+0000] {dag.py:4180} INFO - Setting next_dagrun for etl_pipeline to 2026-04-28 00:00:00+00:00, run_after=2026-04-29 00:00:00+00:00
[2026-04-29T20:04:36.651+0000] {processor.py:208} INFO - Processing /opt/airflow/dags/etl-dag.py took 0.567 seconds
[2026-04-29T20:05:06.738+0000] {processor.py:186} INFO - Started process (PID=706) to work on /opt/airflow/dags/etl-dag.py
[2026-04-29T20:05:06.740+0000] {processor.py:914} INFO - Processing file /opt/airflow/dags/etl-dag.py for tasks to queue
[2026-04-29T20:05:06.743+0000] {logging_mixin.py:190} INFO - [2026-04-29T20:05:06.743+0000] {dagbag.py:588} INFO - Filling up the DagBag from /opt/airflow/dags/etl-dag.py
[2026-04-29T20:05:07.270+0000] {processor.py:925} INFO - DAG(s) 'etl_pipeline' retrieved from /opt/airflow/dags/etl-dag.py
[2026-04-29T20:05:07.332+0000] {logging_mixin.py:190} INFO - [2026-04-29T20:05:07.331+0000] {dag.py:3239} INFO - Sync 1 DAGs
[2026-04-29T20:05:07.385+0000] {logging_mixin.py:190} INFO - [2026-04-29T20:05:07.385+0000] {dag.py:4180} INFO - Setting next_dagrun for etl_pipeline to 2026-04-28 00:00:00+00:00, run_after=2026-04-29 00:00:00+00:00
[2026-04-29T20:05:07.415+0000] {processor.py:208} INFO - Processing /opt/airflow/dags/etl-dag.py took 0.681 seconds
[2026-04-29T20:05:37.890+0000] {processor.py:186} INFO - Started process (PID=719) to work on /opt/airflow/dags/etl-dag.py
[2026-04-29T20:05:37.891+0000] {processor.py:914} INFO - Processing file /opt/airflow/dags/etl-dag.py for tasks to queue
[2026-04-29T20:05:37.894+0000] {logging_mixin.py:190} INFO - [2026-04-29T20:05:37.893+0000] {dagbag.py:588} INFO - Filling up the DagBag from /opt/airflow/dags/etl-dag.py
[2026-04-29T20:05:38.432+0000] {processor.py:925} INFO - DAG(s) 'etl_pipeline' retrieved from /opt/airflow/dags/etl-dag.py
[2026-04-29T20:05:38.451+0000] {logging_mixin.py:190} INFO - [2026-04-29T20:05:38.451+0000] {dag.py:3239} INFO - Sync 1 DAGs
[2026-04-29T20:05:38.467+0000] {logging_mixin.py:190} INFO - [2026-04-29T20:05:38.467+0000] {dag.py:4180} INFO - Setting next_dagrun for etl_pipeline to 2026-04-28 00:00:00+00:00, run_after=2026-04-29 00:00:00+00:00
[2026-04-29T20:05:38.487+0000] {processor.py:208} INFO - Processing /opt/airflow/dags/etl-dag.py took 0.602 seconds
[2026-04-29T20:06:08.767+0000] {processor.py:186} INFO - Started process (PID=732) to work on /opt/airflow/dags/etl-dag.py
[2026-04-29T20:06:08.769+0000] {processor.py:914} INFO - Processing file /opt/airflow/dags/etl-dag.py for tasks to queue
[2026-04-29T20:06:08.771+0000] {logging_mixin.py:190} INFO - [2026-04-29T20:06:08.771+0000] {dagbag.py:588} INFO - Filling up the DagBag from /opt/airflow/dags/etl-dag.py
[2026-04-29T20:06:09.297+0000] {processor.py:925} INFO - DAG(s) 'etl_pipeline' retrieved from /opt/airflow/dags/etl-dag.py
[2026-04-29T20:06:09.317+0000] {logging_mixin.py:190} INFO - [2026-04-29T20:06:09.317+0000] {dag.py:3239} INFO - Sync 1 DAGs
[2026-04-29T20:06:09.333+0000] {logging_mixin.py:190} INFO - [2026-04-29T20:06:09.333+0000] {dag.py:4180} INFO - Setting next_dagrun for etl_pipeline to 2026-04-28 00:00:00+00:00, run_after=2026-04-29 00:00:00+00:00
[2026-04-29T20:06:09.353+0000] {processor.py:208} INFO - Processing /opt/airflow/dags/etl-dag.py took 0.590 seconds
[2026-04-29T20:06:39.778+0000] {processor.py:186} INFO - Started process (PID=751) to work on /opt/airflow/dags/etl-dag.py
[2026-04-29T20:06:39.780+0000] {processor.py:914} INFO - Processing file /opt/airflow/dags/etl-dag.py for tasks to queue
[2026-04-29T20:06:39.782+0000] {logging_mixin.py:190} INFO - [2026-04-29T20:06:39.782+0000] {dagbag.py:588} INFO - Filling up the DagBag from /opt/airflow/dags/etl-dag.py
[2026-04-29T20:06:40.320+0000] {processor.py:925} INFO - DAG(s) 'etl_pipeline' retrieved from /opt/airflow/dags/etl-dag.py
[2026-04-29T20:06:40.338+0000] {logging_mixin.py:190} INFO - [2026-04-29T20:06:40.338+0000] {dag.py:3239} INFO - Sync 1 DAGs
[2026-04-29T20:06:40.371+0000] {logging_mixin.py:190} INFO - [2026-04-29T20:06:40.371+0000] {dag.py:4180} INFO - Setting next_dagrun for etl_pipeline to 2026-04-28 00:00:00+00:00, run_after=2026-04-29 00:00:00+00:00
[2026-04-29T20:06:40.397+0000] {processor.py:208} INFO - Processing /opt/airflow/dags/etl-dag.py took 0.624 seconds
[2026-04-29T20:07:10.561+0000] {processor.py:186} INFO - Started process (PID=764) to work on /opt/airflow/dags/etl-dag.py
[2026-04-29T20:07:10.563+0000] {processor.py:914} INFO - Processing file /opt/airflow/dags/etl-dag.py for tasks to queue
[2026-04-29T20:07:10.567+0000] {logging_mixin.py:190} INFO - [2026-04-29T20:07:10.566+0000] {dagbag.py:588} INFO - Filling up the DagBag from /opt/airflow/dags/etl-dag.py
[2026-04-29T20:07:11.118+0000] {processor.py:925} INFO - DAG(s) 'etl_pipeline' retrieved from /opt/airflow/dags/etl-dag.py
[2026-04-29T20:07:11.210+0000] {logging_mixin.py:190} INFO - [2026-04-29T20:07:11.210+0000] {dag.py:3239} INFO - Sync 1 DAGs
[2026-04-29T20:07:11.246+0000] {logging_mixin.py:190} INFO - [2026-04-29T20:07:11.246+0000] {dag.py:4180} INFO - Setting next_dagrun for etl_pipeline to 2026-04-28 00:00:00+00:00, run_after=2026-04-29 00:00:00+00:00
[2026-04-29T20:07:11.478+0000] {processor.py:208} INFO - Processing /opt/airflow/dags/etl-dag.py took 0.923 seconds
[2026-04-29T20:07:41.861+0000] {processor.py:186} INFO - Started process (PID=777) to work on /opt/airflow/dags/etl-dag.py
[2026-04-29T20:07:41.863+0000] {processor.py:914} INFO - Processing file /opt/airflow/dags/etl-dag.py for tasks to queue
[2026-04-29T20:07:41.865+0000] {logging_mixin.py:190} INFO - [2026-04-29T20:07:41.865+0000] {dagbag.py:588} INFO - Filling up the DagBag from /opt/airflow/dags/etl-dag.py
[2026-04-29T20:07:42.889+0000] {processor.py:925} INFO - DAG(s) 'etl_pipeline' retrieved from /opt/airflow/dags/etl-dag.py
[2026-04-29T20:07:42.956+0000] {logging_mixin.py:190} INFO - [2026-04-29T20:07:42.955+0000] {dag.py:3239} INFO - Sync 1 DAGs
[2026-04-29T20:07:42.999+0000] {logging_mixin.py:190} INFO - [2026-04-29T20:07:42.999+0000] {dag.py:4180} INFO - Setting next_dagrun for etl_pipeline to 2026-04-28 00:00:00+00:00, run_after=2026-04-29 00:00:00+00:00
[2026-04-29T20:07:43.032+0000] {processor.py:208} INFO - Processing /opt/airflow/dags/etl-dag.py took 1.176 seconds
[2026-04-29T20:08:13.412+0000] {processor.py:186} INFO - Started process (PID=790) to work on /opt/airflow/dags/etl-dag.py
[2026-04-29T20:08:13.414+0000] {processor.py:914} INFO - Processing file /opt/airflow/dags/etl-dag.py for tasks to queue
[2026-04-29T20:08:13.417+0000] {logging_mixin.py:190} INFO - [2026-04-29T20:08:13.417+0000] {dagbag.py:588} INFO - Filling up the DagBag from /opt/airflow/dags/etl-dag.py
[2026-04-29T20:08:14.085+0000] {processor.py:925} INFO - DAG(s) 'etl_pipeline' retrieved from /opt/airflow/dags/etl-dag.py
[2026-04-29T20:08:14.103+0000] {logging_mixin.py:190} INFO - [2026-04-29T20:08:14.102+0000] {dag.py:3239} INFO - Sync 1 DAGs
[2026-04-29T20:08:14.159+0000] {logging_mixin.py:190} INFO - [2026-04-29T20:08:14.158+0000] {dag.py:4180} INFO - Setting next_dagrun for etl_pipeline to 2026-04-28 00:00:00+00:00, run_after=2026-04-29 00:00:00+00:00
[2026-04-29T20:08:14.182+0000] {processor.py:208} INFO - Processing /opt/airflow/dags/etl-dag.py took 0.776 seconds
[2026-04-29T20:08:44.592+0000] {processor.py:186} INFO - Started process (PID=803) to work on /opt/airflow/dags/etl-dag.py
[2026-04-29T20:08:44.593+0000] {processor.py:914} INFO - Processing file /opt/airflow/dags/etl-dag.py for tasks to queue
[2026-04-29T20:08:44.596+0000] {logging_mixin.py:190} INFO - [2026-04-29T20:08:44.595+0000] {dagbag.py:588} INFO - Filling up the DagBag from /opt/airflow/dags/etl-dag.py
[2026-04-29T20:08:45.185+0000] {processor.py:925} INFO - DAG(s) 'etl_pipeline' retrieved from /opt/airflow/dags/etl-dag.py
[2026-04-29T20:08:45.203+0000] {logging_mixin.py:190} INFO - [2026-04-29T20:08:45.203+0000] {dag.py:3239} INFO - Sync 1 DAGs
[2026-04-29T20:08:45.218+0000] {logging_mixin.py:190} INFO - [2026-04-29T20:08:45.218+0000] {dag.py:4180} INFO - Setting next_dagrun for etl_pipeline to 2026-04-28 00:00:00+00:00, run_after=2026-04-29 00:00:00+00:00
[2026-04-29T20:08:45.242+0000] {processor.py:208} INFO - Processing /opt/airflow/dags/etl-dag.py took 0.655 seconds
[2026-04-29T20:09:15.645+0000] {processor.py:186} INFO - Started process (PID=817) to work on /opt/airflow/dags/etl-dag.py
[2026-04-29T20:09:15.647+0000] {processor.py:914} INFO - Processing file /opt/airflow/dags/etl-dag.py for tasks to queue
[2026-04-29T20:09:15.652+0000] {logging_mixin.py:190} INFO - [2026-04-29T20:09:15.651+0000] {dagbag.py:588} INFO - Filling up the DagBag from /opt/airflow/dags/etl-dag.py
[2026-04-29T20:09:16.440+0000] {processor.py:925} INFO - DAG(s) 'etl_pipeline' retrieved from /opt/airflow/dags/etl-dag.py
[2026-04-29T20:09:16.468+0000] {logging_mixin.py:190} INFO - [2026-04-29T20:09:16.467+0000] {dag.py:3239} INFO - Sync 1 DAGs
[2026-04-29T20:09:16.494+0000] {logging_mixin.py:190} INFO - [2026-04-29T20:09:16.493+0000] {dag.py:4180} INFO - Setting next_dagrun for etl_pipeline to 2026-04-28 00:00:00+00:00, run_after=2026-04-29 00:00:00+00:00
[2026-04-29T20:09:16.541+0000] {processor.py:208} INFO - Processing /opt/airflow/dags/etl-dag.py took 0.902 seconds
[2026-04-29T20:09:46.953+0000] {processor.py:186} INFO - Started process (PID=830) to work on /opt/airflow/dags/etl-dag.py
[2026-04-29T20:09:46.955+0000] {processor.py:914} INFO - Processing file /opt/airflow/dags/etl-dag.py for tasks to queue
[2026-04-29T20:09:46.957+0000] {logging_mixin.py:190} INFO - [2026-04-29T20:09:46.957+0000] {dagbag.py:588} INFO - Filling up the DagBag from /opt/airflow/dags/etl-dag.py
[2026-04-29T20:09:47.523+0000] {processor.py:925} INFO - DAG(s) 'etl_pipeline' retrieved from /opt/airflow/dags/etl-dag.py
[2026-04-29T20:09:47.563+0000] {logging_mixin.py:190} INFO - [2026-04-29T20:09:47.563+0000] {dag.py:3239} INFO - Sync 1 DAGs
[2026-04-29T20:09:47.650+0000] {logging_mixin.py:190} INFO - [2026-04-29T20:09:47.648+0000] {dag.py:4180} INFO - Setting next_dagrun for etl_pipeline to 2026-04-28 00:00:00+00:00, run_after=2026-04-29 00:00:00+00:00
[2026-04-29T20:09:47.686+0000] {processor.py:208} INFO - Processing /opt/airflow/dags/etl-dag.py took 0.740 seconds
[2026-04-29T20:10:18.122+0000] {processor.py:186} INFO - Started process (PID=843) to work on /opt/airflow/dags/etl-dag.py
[2026-04-29T20:10:18.123+0000] {processor.py:914} INFO - Processing file /opt/airflow/dags/etl-dag.py for tasks to queue
[2026-04-29T20:10:18.125+0000] {logging_mixin.py:190} INFO - [2026-04-29T20:10:18.125+0000] {dagbag.py:588} INFO - Filling up the DagBag from /opt/airflow/dags/etl-dag.py
[2026-04-29T20:10:18.691+0000] {processor.py:925} INFO - DAG(s) 'etl_pipeline' retrieved from /opt/airflow/dags/etl-dag.py
[2026-04-29T20:10:18.721+0000] {logging_mixin.py:190} INFO - [2026-04-29T20:10:18.721+0000] {dag.py:3239} INFO - Sync 1 DAGs
[2026-04-29T20:10:18.748+0000] {logging_mixin.py:190} INFO - [2026-04-29T20:10:18.748+0000] {dag.py:4180} INFO - Setting next_dagrun for etl_pipeline to 2026-04-28 00:00:00+00:00, run_after=2026-04-29 00:00:00+00:00
[2026-04-29T20:10:18.768+0000] {processor.py:208} INFO - Processing /opt/airflow/dags/etl-dag.py took 0.651 seconds
[2026-04-29T20:10:49.109+0000] {processor.py:186} INFO - Started process (PID=856) to work on /opt/airflow/dags/etl-dag.py
[2026-04-29T20:10:49.113+0000] {processor.py:914} INFO - Processing file /opt/airflow/dags/etl-dag.py for tasks to queue
[2026-04-29T20:10:49.115+0000] {logging_mixin.py:190} INFO - [2026-04-29T20:10:49.115+0000] {dagbag.py:588} INFO - Filling up the DagBag from /opt/airflow/dags/etl-dag.py
[2026-04-29T20:10:49.637+0000] {processor.py:925} INFO - DAG(s) 'etl_pipeline' retrieved from /opt/airflow/dags/etl-dag.py
[2026-04-29T20:10:49.657+0000] {logging_mixin.py:190} INFO - [2026-04-29T20:10:49.656+0000] {dag.py:3239} INFO - Sync 1 DAGs
[2026-04-29T20:10:49.671+0000] {logging_mixin.py:190} INFO - [2026-04-29T20:10:49.671+0000] {dag.py:4180} INFO - Setting next_dagrun for etl_pipeline to 2026-04-28 00:00:00+00:00, run_after=2026-04-29 00:00:00+00:00
[2026-04-29T20:10:49.689+0000] {processor.py:208} INFO - Processing /opt/airflow/dags/etl-dag.py took 0.587 seconds
[2026-04-29T20:11:20.096+0000] {processor.py:186} INFO - Started process (PID=869) to work on /opt/airflow/dags/etl-dag.py
[2026-04-29T20:11:20.097+0000] {processor.py:914} INFO - Processing file /opt/airflow/dags/etl-dag.py for tasks to queue
[2026-04-29T20:11:20.100+0000] {logging_mixin.py:190} INFO - [2026-04-29T20:11:20.099+0000] {dagbag.py:588} INFO - Filling up the DagBag from /opt/airflow/dags/etl-dag.py
[2026-04-29T20:11:20.610+0000] {processor.py:925} INFO - DAG(s) 'etl_pipeline' retrieved from /opt/airflow/dags/etl-dag.py
[2026-04-29T20:11:20.627+0000] {logging_mixin.py:190} INFO - [2026-04-29T20:11:20.627+0000] {dag.py:3239} INFO - Sync 1 DAGs
[2026-04-29T20:11:20.642+0000] {logging_mixin.py:190} INFO - [2026-04-29T20:11:20.642+0000] {dag.py:4180} INFO - Setting next_dagrun for etl_pipeline to 2026-04-28 00:00:00+00:00, run_after=2026-04-29 00:00:00+00:00
[2026-04-29T20:11:20.659+0000] {processor.py:208} INFO - Processing /opt/airflow/dags/etl-dag.py took 0.567 seconds
[2026-04-29T20:11:50.905+0000] {processor.py:186} INFO - Started process (PID=882) to work on /opt/airflow/dags/etl-dag.py
[2026-04-29T20:11:50.911+0000] {processor.py:914} INFO - Processing file /opt/airflow/dags/etl-dag.py for tasks to queue
[2026-04-29T20:11:50.914+0000] {logging_mixin.py:190} INFO - [2026-04-29T20:11:50.913+0000] {dagbag.py:588} INFO - Filling up the DagBag from /opt/airflow/dags/etl-dag.py
[2026-04-29T20:11:51.426+0000] {processor.py:925} INFO - DAG(s) 'etl_pipeline' retrieved from /opt/airflow/dags/etl-dag.py
[2026-04-29T20:11:51.444+0000] {logging_mixin.py:190} INFO - [2026-04-29T20:11:51.444+0000] {dag.py:3239} INFO - Sync 1 DAGs
[2026-04-29T20:11:51.459+0000] {logging_mixin.py:190} INFO - [2026-04-29T20:11:51.459+0000] {dag.py:4180} INFO - Setting next_dagrun for etl_pipeline to 2026-04-28 00:00:00+00:00, run_after=2026-04-29 00:00:00+00:00
[2026-04-29T20:11:51.476+0000] {processor.py:208} INFO - Processing /opt/airflow/dags/etl-dag.py took 0.590 seconds
[2026-04-29T20:12:21.851+0000] {processor.py:186} INFO - Started process (PID=895) to work on /opt/airflow/dags/etl-dag.py
[2026-04-29T20:12:21.852+0000] {processor.py:914} INFO - Processing file /opt/airflow/dags/etl-dag.py for tasks to queue
[2026-04-29T20:12:21.855+0000] {logging_mixin.py:190} INFO - [2026-04-29T20:12:21.855+0000] {dagbag.py:588} INFO - Filling up the DagBag from /opt/airflow/dags/etl-dag.py
[2026-04-29T20:12:22.366+0000] {processor.py:925} INFO - DAG(s) 'etl_pipeline' retrieved from /opt/airflow/dags/etl-dag.py
[2026-04-29T20:12:22.383+0000] {logging_mixin.py:190} INFO - [2026-04-29T20:12:22.382+0000] {dag.py:3239} INFO - Sync 1 DAGs
[2026-04-29T20:12:22.396+0000] {logging_mixin.py:190} INFO - [2026-04-29T20:12:22.396+0000] {dag.py:4180} INFO - Setting next_dagrun for etl_pipeline to 2026-04-28 00:00:00+00:00, run_after=2026-04-29 00:00:00+00:00
[2026-04-29T20:12:22.412+0000] {processor.py:208} INFO - Processing /opt/airflow/dags/etl-dag.py took 0.566 seconds
[2026-04-29T20:12:52.739+0000] {processor.py:186} INFO - Started process (PID=908) to work on /opt/airflow/dags/etl-dag.py
[2026-04-29T20:12:52.740+0000] {processor.py:914} INFO - Processing file /opt/airflow/dags/etl-dag.py for tasks to queue
[2026-04-29T20:12:52.744+0000] {logging_mixin.py:190} INFO - [2026-04-29T20:12:52.744+0000] {dagbag.py:588} INFO - Filling up the DagBag from /opt/airflow/dags/etl-dag.py
[2026-04-29T20:12:53.304+0000] {processor.py:925} INFO - DAG(s) 'etl_pipeline' retrieved from /opt/airflow/dags/etl-dag.py
[2026-04-29T20:12:53.323+0000] {logging_mixin.py:190} INFO - [2026-04-29T20:12:53.322+0000] {dag.py:3239} INFO - Sync 1 DAGs
[2026-04-29T20:12:53.338+0000] {logging_mixin.py:190} INFO - [2026-04-29T20:12:53.338+0000] {dag.py:4180} INFO - Setting next_dagrun for etl_pipeline to 2026-04-28 00:00:00+00:00, run_after=2026-04-29 00:00:00+00:00
[2026-04-29T20:12:53.354+0000] {processor.py:208} INFO - Processing /opt/airflow/dags/etl-dag.py took 0.622 seconds
[2026-04-29T20:13:23.735+0000] {processor.py:186} INFO - Started process (PID=920) to work on /opt/airflow/dags/etl-dag.py
[2026-04-29T20:13:23.737+0000] {processor.py:914} INFO - Processing file /opt/airflow/dags/etl-dag.py for tasks to queue
[2026-04-29T20:13:23.739+0000] {logging_mixin.py:190} INFO - [2026-04-29T20:13:23.739+0000] {dagbag.py:588} INFO - Filling up the DagBag from /opt/airflow/dags/etl-dag.py
[2026-04-29T20:13:24.317+0000] {processor.py:925} INFO - DAG(s) 'etl_pipeline' retrieved from /opt/airflow/dags/etl-dag.py
[2026-04-29T20:13:24.353+0000] {logging_mixin.py:190} INFO - [2026-04-29T20:13:24.353+0000] {dag.py:3239} INFO - Sync 1 DAGs
[2026-04-29T20:13:24.373+0000] {logging_mixin.py:190} INFO - [2026-04-29T20:13:24.373+0000] {dag.py:4180} INFO - Setting next_dagrun for etl_pipeline to 2026-04-28 00:00:00+00:00, run_after=2026-04-29 00:00:00+00:00
[2026-04-29T20:13:24.389+0000] {processor.py:208} INFO - Processing /opt/airflow/dags/etl-dag.py took 0.658 seconds
[2026-04-29T20:13:54.783+0000] {processor.py:186} INFO - Started process (PID=933) to work on /opt/airflow/dags/etl-dag.py
[2026-04-29T20:13:54.786+0000] {processor.py:914} INFO - Processing file /opt/airflow/dags/etl-dag.py for tasks to queue
[2026-04-29T20:13:54.789+0000] {logging_mixin.py:190} INFO - [2026-04-29T20:13:54.789+0000] {dagbag.py:588} INFO - Filling up the DagBag from /opt/airflow/dags/etl-dag.py
[2026-04-29T20:13:55.411+0000] {processor.py:925} INFO - DAG(s) 'etl_pipeline' retrieved from /opt/airflow/dags/etl-dag.py
[2026-04-29T20:13:55.429+0000] {logging_mixin.py:190} INFO - [2026-04-29T20:13:55.428+0000] {dag.py:3239} INFO - Sync 1 DAGs
[2026-04-29T20:13:55.491+0000] {logging_mixin.py:190} INFO - [2026-04-29T20:13:55.491+0000] {dag.py:4180} INFO - Setting next_dagrun for etl_pipeline to 2026-04-28 00:00:00+00:00, run_after=2026-04-29 00:00:00+00:00
[2026-04-29T20:13:55.627+0000] {processor.py:208} INFO - Processing /opt/airflow/dags/etl-dag.py took 0.850 seconds
[2026-04-29T20:14:25.762+0000] {processor.py:186} INFO - Started process (PID=946) to work on /opt/airflow/dags/etl-dag.py
[2026-04-29T20:14:25.763+0000] {processor.py:914} INFO - Processing file /opt/airflow/dags/etl-dag.py for tasks to queue
[2026-04-29T20:14:25.767+0000] {logging_mixin.py:190} INFO - [2026-04-29T20:14:25.767+0000] {dagbag.py:588} INFO - Filling up the DagBag from /opt/airflow/dags/etl-dag.py
[2026-04-29T20:14:26.756+0000] {processor.py:925} INFO - DAG(s) 'etl_pipeline' retrieved from /opt/airflow/dags/etl-dag.py
[2026-04-29T20:14:26.794+0000] {logging_mixin.py:190} INFO - [2026-04-29T20:14:26.794+0000] {dag.py:3239} INFO - Sync 1 DAGs
[2026-04-29T20:14:26.834+0000] {logging_mixin.py:190} INFO - [2026-04-29T20:14:26.833+0000] {dag.py:4180} INFO - Setting next_dagrun for etl_pipeline to 2026-04-28 00:00:00+00:00, run_after=2026-04-29 00:00:00+00:00
[2026-04-29T20:14:27.252+0000] {processor.py:208} INFO - Processing /opt/airflow/dags/etl-dag.py took 1.497 seconds
[2026-04-29T20:14:57.602+0000] {processor.py:186} INFO - Started process (PID=959) to work on /opt/airflow/dags/etl-dag.py
[2026-04-29T20:14:57.604+0000] {processor.py:914} INFO - Processing file /opt/airflow/dags/etl-dag.py for tasks to queue
[2026-04-29T20:14:57.606+0000] {logging_mixin.py:190} INFO - [2026-04-29T20:14:57.606+0000] {dagbag.py:588} INFO - Filling up the DagBag from /opt/airflow/dags/etl-dag.py
[2026-04-29T20:14:58.289+0000] {processor.py:925} INFO - DAG(s) 'etl_pipeline' retrieved from /opt/airflow/dags/etl-dag.py
[2026-04-29T20:14:58.319+0000] {logging_mixin.py:190} INFO - [2026-04-29T20:14:58.319+0000] {dag.py:3239} INFO - Sync 1 DAGs
[2026-04-29T20:14:58.338+0000] {logging_mixin.py:190} INFO - [2026-04-29T20:14:58.338+0000] {dag.py:4180} INFO - Setting next_dagrun for etl_pipeline to 2026-04-28 00:00:00+00:00, run_after=2026-04-29 00:00:00+00:00
[2026-04-29T20:14:58.358+0000] {processor.py:208} INFO - Processing /opt/airflow/dags/etl-dag.py took 0.760 seconds
[2026-04-29T20:15:28.709+0000] {processor.py:186} INFO - Started process (PID=972) to work on /opt/airflow/dags/etl-dag.py
[2026-04-29T20:15:28.711+0000] {processor.py:914} INFO - Processing file /opt/airflow/dags/etl-dag.py for tasks to queue
[2026-04-29T20:15:28.714+0000] {logging_mixin.py:190} INFO - [2026-04-29T20:15:28.713+0000] {dagbag.py:588} INFO - Filling up the DagBag from /opt/airflow/dags/etl-dag.py
[2026-04-29T20:15:29.576+0000] {processor.py:925} INFO - DAG(s) 'etl_pipeline' retrieved from /opt/airflow/dags/etl-dag.py
[2026-04-29T20:15:29.607+0000] {logging_mixin.py:190} INFO - [2026-04-29T20:15:29.606+0000] {dag.py:3239} INFO - Sync 1 DAGs
[2026-04-29T20:15:29.687+0000] {logging_mixin.py:190} INFO - [2026-04-29T20:15:29.684+0000] {dag.py:4180} INFO - Setting next_dagrun for etl_pipeline to 2026-04-28 00:00:00+00:00, run_after=2026-04-29 00:00:00+00:00
[2026-04-29T20:15:29.827+0000] {processor.py:208} INFO - Processing /opt/airflow/dags/etl-dag.py took 1.125 seconds
[2026-04-29T20:16:00.076+0000] {processor.py:186} INFO - Started process (PID=985) to work on /opt/airflow/dags/etl-dag.py
[2026-04-29T20:16:00.079+0000] {processor.py:914} INFO - Processing file /opt/airflow/dags/etl-dag.py for tasks to queue
[2026-04-29T20:16:00.085+0000] {logging_mixin.py:190} INFO - [2026-04-29T20:16:00.083+0000] {dagbag.py:588} INFO - Filling up the DagBag from /opt/airflow/dags/etl-dag.py
[2026-04-29T20:16:00.680+0000] {processor.py:925} INFO - DAG(s) 'etl_pipeline' retrieved from /opt/airflow/dags/etl-dag.py
[2026-04-29T20:16:00.697+0000] {logging_mixin.py:190} INFO - [2026-04-29T20:16:00.697+0000] {dag.py:3239} INFO - Sync 1 DAGs
[2026-04-29T20:16:00.718+0000] {logging_mixin.py:190} INFO - [2026-04-29T20:16:00.718+0000] {dag.py:4180} INFO - Setting next_dagrun for etl_pipeline to 2026-04-28 00:00:00+00:00, run_after=2026-04-29 00:00:00+00:00
[2026-04-29T20:16:00.749+0000] {processor.py:208} INFO - Processing /opt/airflow/dags/etl-dag.py took 0.684 seconds
[2026-04-29T20:16:31.162+0000] {processor.py:186} INFO - Started process (PID=998) to work on /opt/airflow/dags/etl-dag.py
[2026-04-29T20:16:31.167+0000] {processor.py:914} INFO - Processing file /opt/airflow/dags/etl-dag.py for tasks to queue
[2026-04-29T20:16:31.170+0000] {logging_mixin.py:190} INFO - [2026-04-29T20:16:31.170+0000] {dagbag.py:588} INFO - Filling up the DagBag from /opt/airflow/dags/etl-dag.py
[2026-04-29T20:16:31.822+0000] {processor.py:925} INFO - DAG(s) 'etl_pipeline' retrieved from /opt/airflow/dags/etl-dag.py
[2026-04-29T20:16:31.849+0000] {logging_mixin.py:190} INFO - [2026-04-29T20:16:31.849+0000] {dag.py:3239} INFO - Sync 1 DAGs
[2026-04-29T20:16:31.867+0000] {logging_mixin.py:190} INFO - [2026-04-29T20:16:31.866+0000] {dag.py:4180} INFO - Setting next_dagrun for etl_pipeline to 2026-04-28 00:00:00+00:00, run_after=2026-04-29 00:00:00+00:00
[2026-04-29T20:16:31.892+0000] {processor.py:208} INFO - Processing /opt/airflow/dags/etl-dag.py took 0.738 seconds
[2026-04-29T20:17:02.267+0000] {processor.py:186} INFO - Started process (PID=1011) to work on /opt/airflow/dags/etl-dag.py
[2026-04-29T20:17:02.269+0000] {processor.py:914} INFO - Processing file /opt/airflow/dags/etl-dag.py for tasks to queue
[2026-04-29T20:17:02.271+0000] {logging_mixin.py:190} INFO - [2026-04-29T20:17:02.270+0000] {dagbag.py:588} INFO - Filling up the DagBag from /opt/airflow/dags/etl-dag.py
[2026-04-29T20:17:02.793+0000] {processor.py:925} INFO - DAG(s) 'etl_pipeline' retrieved from /opt/airflow/dags/etl-dag.py
[2026-04-29T20:17:02.812+0000] {logging_mixin.py:190} INFO - [2026-04-29T20:17:02.812+0000] {dag.py:3239} INFO - Sync 1 DAGs
[2026-04-29T20:17:02.827+0000] {logging_mixin.py:190} INFO - [2026-04-29T20:17:02.827+0000] {dag.py:4180} INFO - Setting next_dagrun for etl_pipeline to 2026-04-28 00:00:00+00:00, run_after=2026-04-29 00:00:00+00:00
[2026-04-29T20:17:02.996+0000] {processor.py:208} INFO - Processing /opt/airflow/dags/etl-dag.py took 0.734 seconds
[2026-04-29T20:17:33.224+0000] {processor.py:186} INFO - Started process (PID=1024) to work on /opt/airflow/dags/etl-dag.py
[2026-04-29T20:17:33.225+0000] {processor.py:914} INFO - Processing file /opt/airflow/dags/etl-dag.py for tasks to queue
[2026-04-29T20:17:33.228+0000] {logging_mixin.py:190} INFO - [2026-04-29T20:17:33.228+0000] {dagbag.py:588} INFO - Filling up the DagBag from /opt/airflow/dags/etl-dag.py
[2026-04-29T20:17:34.645+0000] {processor.py:925} INFO - DAG(s) 'etl_pipeline' retrieved from /opt/airflow/dags/etl-dag.py
[2026-04-29T20:17:34.745+0000] {logging_mixin.py:190} INFO - [2026-04-29T20:17:34.744+0000] {dag.py:3239} INFO - Sync 1 DAGs
[2026-04-29T20:17:34.786+0000] {logging_mixin.py:190} INFO - [2026-04-29T20:17:34.786+0000] {dag.py:4180} INFO - Setting next_dagrun for etl_pipeline to 2026-04-28 00:00:00+00:00, run_after=2026-04-29 00:00:00+00:00
[2026-04-29T20:17:34.831+0000] {processor.py:208} INFO - Processing /opt/airflow/dags/etl-dag.py took 1.613 seconds
[2026-04-29T20:18:05.196+0000] {processor.py:186} INFO - Started process (PID=1037) to work on /opt/airflow/dags/etl-dag.py
[2026-04-29T20:18:05.197+0000] {processor.py:914} INFO - Processing file /opt/airflow/dags/etl-dag.py for tasks to queue
[2026-04-29T20:18:05.201+0000] {logging_mixin.py:190} INFO - [2026-04-29T20:18:05.201+0000] {dagbag.py:588} INFO - Filling up the DagBag from /opt/airflow/dags/etl-dag.py
[2026-04-29T20:18:05.983+0000] {processor.py:925} INFO - DAG(s) 'etl_pipeline' retrieved from /opt/airflow/dags/etl-dag.py
[2026-04-29T20:18:06.171+0000] {logging_mixin.py:190} INFO - [2026-04-29T20:18:06.170+0000] {dag.py:3239} INFO - Sync 1 DAGs
[2026-04-29T20:18:06.248+0000] {logging_mixin.py:190} INFO - [2026-04-29T20:18:06.248+0000] {dag.py:4180} INFO - Setting next_dagrun for etl_pipeline to 2026-04-28 00:00:00+00:00, run_after=2026-04-29 00:00:00+00:00
[2026-04-29T20:18:06.271+0000] {processor.py:208} INFO - Processing /opt/airflow/dags/etl-dag.py took 1.081 seconds
[2026-04-29T20:18:36.644+0000] {processor.py:186} INFO - Started process (PID=1051) to work on /opt/airflow/dags/etl-dag.py
[2026-04-29T20:18:36.655+0000] {processor.py:914} INFO - Processing file /opt/airflow/dags/etl-dag.py for tasks to queue
[2026-04-29T20:18:36.709+0000] {logging_mixin.py:190} INFO - [2026-04-29T20:18:36.704+0000] {dagbag.py:588} INFO - Filling up the DagBag from /opt/airflow/dags/etl-dag.py
[2026-04-29T20:18:41.010+0000] {processor.py:925} INFO - DAG(s) 'etl_pipeline' retrieved from /opt/airflow/dags/etl-dag.py
[2026-04-29T20:18:41.072+0000] {logging_mixin.py:190} INFO - [2026-04-29T20:18:41.071+0000] {dag.py:3239} INFO - Sync 1 DAGs
[2026-04-29T20:18:41.107+0000] {logging_mixin.py:190} INFO - [2026-04-29T20:18:41.107+0000] {dag.py:4180} INFO - Setting next_dagrun for etl_pipeline to 2026-04-29 00:00:00+00:00, run_after=2026-04-30 00:00:00+00:00
[2026-04-29T20:18:41.160+0000] {processor.py:208} INFO - Processing /opt/airflow/dags/etl-dag.py took 4.601 seconds
[2026-04-29T20:19:27.040+0000] {processor.py:186} INFO - Started process (PID=1161) to work on /opt/airflow/dags/etl-dag.py
[2026-04-29T20:19:27.164+0000] {processor.py:914} INFO - Processing file /opt/airflow/dags/etl-dag.py for tasks to queue
[2026-04-29T20:19:27.489+0000] {logging_mixin.py:190} INFO - [2026-04-29T20:19:27.442+0000] {dagbag.py:588} INFO - Filling up the DagBag from /opt/airflow/dags/etl-dag.py
[2026-04-29T20:19:58.990+0000] {logging_mixin.py:190} INFO - [2026-04-29T20:19:58.106+0000] {timeout.py:68} ERROR - Process timed out, PID: 1161
[2026-04-29T20:20:17.266+0000] {logging_mixin.py:190} INFO - [2026-04-29T20:20:02.241+0000] {dagbag.py:387} ERROR - Failed to import: /opt/airflow/dags/etl-dag.py
Traceback (most recent call last):
  File "/home/airflow/.local/lib/python3.12/site-packages/airflow/models/dagbag.py", line 383, in parse
    loader.exec_module(new_module)
  File "<frozen importlib._bootstrap_external>", line 999, in exec_module
  File "<frozen importlib._bootstrap>", line 488, in _call_with_frames_removed
  File "/opt/airflow/dags/etl-dag.py", line 5, in <module>
    import pandas as pd
  File "/home/airflow/.local/lib/python3.12/site-packages/pandas/__init__.py", line 46, in <module>
    from pandas.core.api import (
  File "/home/airflow/.local/lib/python3.12/site-packages/pandas/core/api.py", line 1, in <module>
    from pandas._libs import (
  File "/home/airflow/.local/lib/python3.12/site-packages/pandas/_libs/__init__.py", line 18, in <module>
    from pandas._libs.interval import Interval
  File "interval.pyx", line 1, in init pandas._libs.interval
  File "hashtable.pyx", line 1, in init pandas._libs.hashtable
  File "missing.pyx", line 1, in init pandas._libs.missing
  File "/home/airflow/.local/lib/python3.12/site-packages/pandas/_libs/tslibs/__init__.py", line 39, in <module>
    from pandas._libs.tslibs.conversion import localize_pydatetime
  File "conversion.pyx", line 1, in init pandas._libs.tslibs.conversion
  File "offsets.pyx", line 1, in init pandas._libs.tslibs.offsets
  File "timestamps.pyx", line 1, in init pandas._libs.tslibs.timestamps
  File "timedeltas.pyx", line 86, in init pandas._libs.tslibs.timedeltas
  File "<frozen importlib._bootstrap>", line 645, in parent
  File "/home/airflow/.local/lib/python3.12/site-packages/airflow/utils/timeout.py", line 69, in handle_timeout
    raise AirflowTaskTimeout(self.error_message)
airflow.exceptions.AirflowTaskTimeout: DagBag import timeout for /opt/airflow/dags/etl-dag.py after 30.0s.
Please take a look at these docs to improve your DAG import time:
* https://airflow.apache.org/docs/apache-airflow/2.10.4/best-practices.html#top-level-python-code
* https://airflow.apache.org/docs/apache-airflow/2.10.4/best-practices.html#reducing-dag-complexity, PID: 1161
[2026-04-29T20:20:17.374+0000] {processor.py:927} WARNING - No viable dags retrieved from /opt/airflow/dags/etl-dag.py
[2026-04-29T20:20:54.921+0000] {processor.py:186} INFO - Started process (PID=1172) to work on /opt/airflow/dags/etl-dag.py
[2026-04-29T20:20:54.923+0000] {processor.py:914} INFO - Processing file /opt/airflow/dags/etl-dag.py for tasks to queue
[2026-04-29T20:20:54.933+0000] {logging_mixin.py:190} INFO - [2026-04-29T20:20:54.932+0000] {dagbag.py:588} INFO - Filling up the DagBag from /opt/airflow/dags/etl-dag.py
[2026-04-29T20:21:00.298+0000] {processor.py:925} INFO - DAG(s) 'etl_pipeline' retrieved from /opt/airflow/dags/etl-dag.py
[2026-04-29T20:21:00.473+0000] {logging_mixin.py:190} INFO - [2026-04-29T20:21:00.472+0000] {dag.py:3239} INFO - Sync 1 DAGs
[2026-04-29T20:21:00.494+0000] {logging_mixin.py:190} INFO - [2026-04-29T20:21:00.493+0000] {dag.py:4180} INFO - Setting next_dagrun for etl_pipeline to 2026-04-29 00:00:00+00:00, run_after=2026-04-30 00:00:00+00:00
[2026-04-29T20:21:00.514+0000] {processor.py:208} INFO - Processing /opt/airflow/dags/etl-dag.py took 5.608 seconds
[2026-04-29T20:21:30.852+0000] {processor.py:186} INFO - Started process (PID=1193) to work on /opt/airflow/dags/etl-dag.py
[2026-04-29T20:21:30.853+0000] {processor.py:914} INFO - Processing file /opt/airflow/dags/etl-dag.py for tasks to queue
[2026-04-29T20:21:30.855+0000] {logging_mixin.py:190} INFO - [2026-04-29T20:21:30.854+0000] {dagbag.py:588} INFO - Filling up the DagBag from /opt/airflow/dags/etl-dag.py
[2026-04-29T20:21:31.673+0000] {processor.py:925} INFO - DAG(s) 'etl_pipeline' retrieved from /opt/airflow/dags/etl-dag.py
[2026-04-29T20:21:31.694+0000] {logging_mixin.py:190} INFO - [2026-04-29T20:21:31.693+0000] {dag.py:3239} INFO - Sync 1 DAGs
[2026-04-29T20:21:31.711+0000] {logging_mixin.py:190} INFO - [2026-04-29T20:21:31.711+0000] {dag.py:4180} INFO - Setting next_dagrun for etl_pipeline to 2026-04-29 00:00:00+00:00, run_after=2026-04-30 00:00:00+00:00
[2026-04-29T20:21:31.729+0000] {processor.py:208} INFO - Processing /opt/airflow/dags/etl-dag.py took 0.882 seconds
[2026-04-29T20:22:02.080+0000] {processor.py:186} INFO - Started process (PID=1253) to work on /opt/airflow/dags/etl-dag.py
[2026-04-29T20:22:02.082+0000] {processor.py:914} INFO - Processing file /opt/airflow/dags/etl-dag.py for tasks to queue
[2026-04-29T20:22:02.085+0000] {logging_mixin.py:190} INFO - [2026-04-29T20:22:02.084+0000] {dagbag.py:588} INFO - Filling up the DagBag from /opt/airflow/dags/etl-dag.py
[2026-04-29T20:22:03.919+0000] {processor.py:925} INFO - DAG(s) 'etl_pipeline' retrieved from /opt/airflow/dags/etl-dag.py
[2026-04-29T20:22:04.117+0000] {logging_mixin.py:190} INFO - [2026-04-29T20:22:04.116+0000] {dag.py:3239} INFO - Sync 1 DAGs
[2026-04-29T20:22:04.160+0000] {logging_mixin.py:190} INFO - [2026-04-29T20:22:04.160+0000] {dag.py:4180} INFO - Setting next_dagrun for etl_pipeline to 2026-04-29 00:00:00+00:00, run_after=2026-04-30 00:00:00+00:00
[2026-04-29T20:22:04.221+0000] {processor.py:208} INFO - Processing /opt/airflow/dags/etl-dag.py took 2.149 seconds
[2026-04-29T20:22:34.420+0000] {processor.py:186} INFO - Started process (PID=1270) to work on /opt/airflow/dags/etl-dag.py
[2026-04-29T20:22:34.422+0000] {processor.py:914} INFO - Processing file /opt/airflow/dags/etl-dag.py for tasks to queue
[2026-04-29T20:22:34.426+0000] {logging_mixin.py:190} INFO - [2026-04-29T20:22:34.426+0000] {dagbag.py:588} INFO - Filling up the DagBag from /opt/airflow/dags/etl-dag.py
[2026-04-29T20:22:36.091+0000] {processor.py:925} INFO - DAG(s) 'etl_pipeline' retrieved from /opt/airflow/dags/etl-dag.py
[2026-04-29T20:22:36.159+0000] {logging_mixin.py:190} INFO - [2026-04-29T20:22:36.159+0000] {dag.py:3239} INFO - Sync 1 DAGs
[2026-04-29T20:22:36.177+0000] {logging_mixin.py:190} INFO - [2026-04-29T20:22:36.176+0000] {dag.py:4180} INFO - Setting next_dagrun for etl_pipeline to 2026-04-29 00:00:00+00:00, run_after=2026-04-30 00:00:00+00:00
[2026-04-29T20:22:36.199+0000] {processor.py:208} INFO - Processing /opt/airflow/dags/etl-dag.py took 1.793 seconds
[2026-04-29T20:23:06.611+0000] {processor.py:186} INFO - Started process (PID=1283) to work on /opt/airflow/dags/etl-dag.py
[2026-04-29T20:23:06.613+0000] {processor.py:914} INFO - Processing file /opt/airflow/dags/etl-dag.py for tasks to queue
[2026-04-29T20:23:06.614+0000] {logging_mixin.py:190} INFO - [2026-04-29T20:23:06.614+0000] {dagbag.py:588} INFO - Filling up the DagBag from /opt/airflow/dags/etl-dag.py
[2026-04-29T20:23:07.467+0000] {processor.py:925} INFO - DAG(s) 'etl_pipeline' retrieved from /opt/airflow/dags/etl-dag.py
[2026-04-29T20:23:07.517+0000] {logging_mixin.py:190} INFO - [2026-04-29T20:23:07.517+0000] {dag.py:3239} INFO - Sync 1 DAGs
[2026-04-29T20:23:07.533+0000] {logging_mixin.py:190} INFO - [2026-04-29T20:23:07.533+0000] {dag.py:4180} INFO - Setting next_dagrun for etl_pipeline to 2026-04-29 00:00:00+00:00, run_after=2026-04-30 00:00:00+00:00
[2026-04-29T20:23:07.553+0000] {processor.py:208} INFO - Processing /opt/airflow/dags/etl-dag.py took 0.946 seconds
[2026-04-29T20:23:37.924+0000] {processor.py:186} INFO - Started process (PID=1296) to work on /opt/airflow/dags/etl-dag.py
[2026-04-29T20:23:37.926+0000] {processor.py:914} INFO - Processing file /opt/airflow/dags/etl-dag.py for tasks to queue
[2026-04-29T20:23:37.928+0000] {logging_mixin.py:190} INFO - [2026-04-29T20:23:37.927+0000] {dagbag.py:588} INFO - Filling up the DagBag from /opt/airflow/dags/etl-dag.py
[2026-04-29T20:23:38.601+0000] {processor.py:925} INFO - DAG(s) 'etl_pipeline' retrieved from /opt/airflow/dags/etl-dag.py
[2026-04-29T20:23:38.622+0000] {logging_mixin.py:190} INFO - [2026-04-29T20:23:38.622+0000] {dag.py:3239} INFO - Sync 1 DAGs
[2026-04-29T20:23:38.644+0000] {logging_mixin.py:190} INFO - [2026-04-29T20:23:38.644+0000] {dag.py:4180} INFO - Setting next_dagrun for etl_pipeline to 2026-04-29 00:00:00+00:00, run_after=2026-04-30 00:00:00+00:00
[2026-04-29T20:23:38.658+0000] {processor.py:208} INFO - Processing /opt/airflow/dags/etl-dag.py took 0.741 seconds
[2026-04-29T20:24:09.079+0000] {processor.py:186} INFO - Started process (PID=1309) to work on /opt/airflow/dags/etl-dag.py
[2026-04-29T20:24:09.080+0000] {processor.py:914} INFO - Processing file /opt/airflow/dags/etl-dag.py for tasks to queue
[2026-04-29T20:24:09.082+0000] {logging_mixin.py:190} INFO - [2026-04-29T20:24:09.082+0000] {dagbag.py:588} INFO - Filling up the DagBag from /opt/airflow/dags/etl-dag.py
[2026-04-29T20:24:09.664+0000] {processor.py:925} INFO - DAG(s) 'etl_pipeline' retrieved from /opt/airflow/dags/etl-dag.py
[2026-04-29T20:24:09.688+0000] {logging_mixin.py:190} INFO - [2026-04-29T20:24:09.688+0000] {dag.py:3239} INFO - Sync 1 DAGs
[2026-04-29T20:24:09.705+0000] {logging_mixin.py:190} INFO - [2026-04-29T20:24:09.705+0000] {dag.py:4180} INFO - Setting next_dagrun for etl_pipeline to 2026-04-29 00:00:00+00:00, run_after=2026-04-30 00:00:00+00:00
[2026-04-29T20:24:09.722+0000] {processor.py:208} INFO - Processing /opt/airflow/dags/etl-dag.py took 0.648 seconds
[2026-04-29T20:24:35.090+0000] {processor.py:186} INFO - Started process (PID=1323) to work on /opt/airflow/dags/etl-dag.py
[2026-04-29T20:24:35.093+0000] {processor.py:914} INFO - Processing file /opt/airflow/dags/etl-dag.py for tasks to queue
[2026-04-29T20:24:35.097+0000] {logging_mixin.py:190} INFO - [2026-04-29T20:24:35.096+0000] {dagbag.py:588} INFO - Filling up the DagBag from /opt/airflow/dags/etl-dag.py
[2026-04-29T20:24:41.665+0000] {processor.py:925} INFO - DAG(s) 'etl_pipeline' retrieved from /opt/airflow/dags/etl-dag.py
[2026-04-29T20:24:41.936+0000] {logging_mixin.py:190} INFO - [2026-04-29T20:24:41.932+0000] {dag.py:3239} INFO - Sync 1 DAGs
[2026-04-29T20:24:42.202+0000] {logging_mixin.py:190} INFO - [2026-04-29T20:24:42.200+0000] {dag.py:4180} INFO - Setting next_dagrun for etl_pipeline to 2026-04-29 00:00:00+00:00, run_after=2026-04-30 00:00:00+00:00
[2026-04-29T20:24:42.285+0000] {processor.py:208} INFO - Processing /opt/airflow/dags/etl-dag.py took 7.206 seconds
[2026-04-29T20:25:11.031+0000] {processor.py:186} INFO - Started process (PID=1336) to work on /opt/airflow/dags/etl-dag.py
[2026-04-29T20:25:11.034+0000] {processor.py:914} INFO - Processing file /opt/airflow/dags/etl-dag.py for tasks to queue
[2026-04-29T20:25:11.042+0000] {logging_mixin.py:190} INFO - [2026-04-29T20:25:11.039+0000] {dagbag.py:588} INFO - Filling up the DagBag from /opt/airflow/dags/etl-dag.py
[2026-04-29T20:25:15.010+0000] {processor.py:925} INFO - DAG(s) 'etl_pipeline' retrieved from /opt/airflow/dags/etl-dag.py
[2026-04-29T20:25:15.159+0000] {logging_mixin.py:190} INFO - [2026-04-29T20:25:15.156+0000] {dag.py:3239} INFO - Sync 1 DAGs
[2026-04-29T20:25:15.230+0000] {logging_mixin.py:190} INFO - [2026-04-29T20:25:15.230+0000] {dag.py:4180} INFO - Setting next_dagrun for etl_pipeline to 2026-04-29 00:00:00+00:00, run_after=2026-04-30 00:00:00+00:00
[2026-04-29T20:25:15.284+0000] {processor.py:208} INFO - Processing /opt/airflow/dags/etl-dag.py took 4.304 seconds
[2026-04-29T20:25:45.472+0000] {processor.py:186} INFO - Started process (PID=1350) to work on /opt/airflow/dags/etl-dag.py
[2026-04-29T20:25:45.475+0000] {processor.py:914} INFO - Processing file /opt/airflow/dags/etl-dag.py for tasks to queue
[2026-04-29T20:25:45.478+0000] {logging_mixin.py:190} INFO - [2026-04-29T20:25:45.477+0000] {dagbag.py:588} INFO - Filling up the DagBag from /opt/airflow/dags/etl-dag.py
[2026-04-29T20:25:47.406+0000] {processor.py:925} INFO - DAG(s) 'etl_pipeline' retrieved from /opt/airflow/dags/etl-dag.py
[2026-04-29T20:25:47.583+0000] {logging_mixin.py:190} INFO - [2026-04-29T20:25:47.582+0000] {dag.py:3239} INFO - Sync 1 DAGs
[2026-04-29T20:25:47.614+0000] {logging_mixin.py:190} INFO - [2026-04-29T20:25:47.613+0000] {dag.py:4180} INFO - Setting next_dagrun for etl_pipeline to 2026-04-29 00:00:00+00:00, run_after=2026-04-30 00:00:00+00:00
[2026-04-29T20:25:47.639+0000] {processor.py:208} INFO - Processing /opt/airflow/dags/etl-dag.py took 2.180 seconds
[2026-04-29T20:26:18.458+0000] {processor.py:186} INFO - Started process (PID=1416) to work on /opt/airflow/dags/etl-dag.py
[2026-04-29T20:26:18.460+0000] {processor.py:914} INFO - Processing file /opt/airflow/dags/etl-dag.py for tasks to queue
[2026-04-29T20:26:18.461+0000] {logging_mixin.py:190} INFO - [2026-04-29T20:26:18.461+0000] {dagbag.py:588} INFO - Filling up the DagBag from /opt/airflow/dags/etl-dag.py
[2026-04-29T20:26:48.652+0000] {logging_mixin.py:190} INFO - [2026-04-29T20:26:48.521+0000] {timeout.py:68} ERROR - Process timed out, PID: 1416
[2026-04-29T20:26:51.547+0000] {logging_mixin.py:190} INFO - [2026-04-29T20:26:48.878+0000] {dagbag.py:387} ERROR - Failed to import: /opt/airflow/dags/etl-dag.py
Traceback (most recent call last):
  File "/home/airflow/.local/lib/python3.12/site-packages/airflow/models/dagbag.py", line 383, in parse
    loader.exec_module(new_module)
  File "<frozen importlib._bootstrap_external>", line 999, in exec_module
  File "<frozen importlib._bootstrap>", line 488, in _call_with_frames_removed
  File "/opt/airflow/dags/etl-dag.py", line 6, in <module>
    import snowflake.connector
  File "/home/airflow/.local/lib/python3.12/site-packages/snowflake/connector/__init__.py", line 19, in <module>
    from .connection import SnowflakeConnection
  File "/home/airflow/.local/lib/python3.12/site-packages/snowflake/connector/connection.py", line 35, in <module>
    from . import errors, proxy
  File "/home/airflow/.local/lib/python3.12/site-packages/snowflake/connector/errors.py", line 15, in <module>
    from .compat import BASE_EXCEPTION_CLASS
  File "/home/airflow/.local/lib/python3.12/site-packages/snowflake/connector/compat.py", line 19, in <module>
    from . import constants
  File "/home/airflow/.local/lib/python3.12/site-packages/snowflake/connector/constants.py", line 12, in <module>
    from .options import pyarrow as pa
  File "/home/airflow/.local/lib/python3.12/site-packages/snowflake/connector/options.py", line 135, in <module>
    pandas, pyarrow, installed_pandas = _import_or_missing_pandas_option()
                                        ^^^^^^^^^^^^^^^^^^^^^^^^^^^^^^^^^^
  File "/home/airflow/.local/lib/python3.12/site-packages/snowflake/connector/options.py", line 89, in _import_or_missing_pandas_option
    package.metadata["Name"]: package for package in distributions()
    ^^^^^^^^^^^^^^^^
  File "/usr/local/lib/python3.12/importlib/metadata/__init__.py", line 452, in metadata
    return _adapters.Message(email.message_from_string(text))
                             ^^^^^^^^^^^^^^^^^^^^^^^^^^^^^^^
  File "/usr/local/lib/python3.12/email/__init__.py", line 37, in message_from_string
    return Parser(*args, **kws).parsestr(s)
           ^^^^^^^^^^^^^^^^^^^^^^^^^^^^^^^^
  File "/usr/local/lib/python3.12/email/parser.py", line 64, in parsestr
    return self.parse(StringIO(text), headersonly=headersonly)
           ^^^^^^^^^^^^^^^^^^^^^^^^^^^^^^^^^^^^^^^^^^^^^^^^^^^
  File "/usr/local/lib/python3.12/email/parser.py", line 53, in parse
    feedparser.feed(data)
  File "/usr/local/lib/python3.12/email/feedparser.py", line 174, in feed
    self._call_parse()
  File "/usr/local/lib/python3.12/email/feedparser.py", line 178, in _call_parse
    self._parse()
  File "/usr/local/lib/python3.12/email/feedparser.py", line 222, in _parsegen
    for line in self._input:
                ^^^^^^^^^^^
  File "/usr/local/lib/python3.12/email/feedparser.py", line 128, in __next__
    line = self.readline()
           ^^^^^^^^^^^^^^^
  File "/usr/local/lib/python3.12/email/feedparser.py", line 84, in readline
    line = self._lines.popleft()
           ^^^^^^^^^^^^^^^^^^^^^
  File "/home/airflow/.local/lib/python3.12/site-packages/airflow/utils/timeout.py", line 69, in handle_timeout
    raise AirflowTaskTimeout(self.error_message)
airflow.exceptions.AirflowTaskTimeout: DagBag import timeout for /opt/airflow/dags/etl-dag.py after 30.0s.
Please take a look at these docs to improve your DAG import time:
* https://airflow.apache.org/docs/apache-airflow/2.10.4/best-practices.html#top-level-python-code
* https://airflow.apache.org/docs/apache-airflow/2.10.4/best-practices.html#reducing-dag-complexity, PID: 1416
[2026-04-29T20:26:52.204+0000] {processor.py:927} WARNING - No viable dags retrieved from /opt/airflow/dags/etl-dag.py
[2026-04-29T20:27:02.421+0000] {processor.py:211} ERROR - Got an exception! Propagating...
Traceback (most recent call last):
  File "/home/airflow/.local/lib/python3.12/site-packages/sqlalchemy/engine/base.py", line 3371, in _wrap_pool_connect
    return fn()
           ^^^^
  File "/home/airflow/.local/lib/python3.12/site-packages/sqlalchemy/pool/base.py", line 327, in connect
    return _ConnectionFairy._checkout(self)
           ^^^^^^^^^^^^^^^^^^^^^^^^^^^^^^^^
  File "/home/airflow/.local/lib/python3.12/site-packages/sqlalchemy/pool/base.py", line 894, in _checkout
    fairy = _ConnectionRecord.checkout(pool)
            ^^^^^^^^^^^^^^^^^^^^^^^^^^^^^^^^
  File "/home/airflow/.local/lib/python3.12/site-packages/sqlalchemy/pool/base.py", line 493, in checkout
    rec = pool._do_get()
          ^^^^^^^^^^^^^^
  File "/home/airflow/.local/lib/python3.12/site-packages/sqlalchemy/pool/impl.py", line 145, in _do_get
    with util.safe_reraise():
         ^^^^^^^^^^^^^^^^^^^
  File "/home/airflow/.local/lib/python3.12/site-packages/sqlalchemy/util/langhelpers.py", line 70, in __exit__
    compat.raise_(
  File "/home/airflow/.local/lib/python3.12/site-packages/sqlalchemy/util/compat.py", line 211, in raise_
    raise exception
  File "/home/airflow/.local/lib/python3.12/site-packages/sqlalchemy/pool/impl.py", line 143, in _do_get
    return self._create_connection()
           ^^^^^^^^^^^^^^^^^^^^^^^^^
  File "/home/airflow/.local/lib/python3.12/site-packages/sqlalchemy/pool/base.py", line 273, in _create_connection
    return _ConnectionRecord(self)
           ^^^^^^^^^^^^^^^^^^^^^^^
  File "/home/airflow/.local/lib/python3.12/site-packages/sqlalchemy/pool/base.py", line 388, in __init__
    self.__connect()
  File "/home/airflow/.local/lib/python3.12/site-packages/sqlalchemy/pool/base.py", line 690, in __connect
    with util.safe_reraise():
         ^^^^^^^^^^^^^^^^^^^
  File "/home/airflow/.local/lib/python3.12/site-packages/sqlalchemy/util/langhelpers.py", line 70, in __exit__
    compat.raise_(
  File "/home/airflow/.local/lib/python3.12/site-packages/sqlalchemy/util/compat.py", line 211, in raise_
    raise exception
  File "/home/airflow/.local/lib/python3.12/site-packages/sqlalchemy/pool/base.py", line 686, in __connect
    self.dbapi_connection = connection = pool._invoke_creator(self)
                                         ^^^^^^^^^^^^^^^^^^^^^^^^^^
  File "/home/airflow/.local/lib/python3.12/site-packages/sqlalchemy/engine/create.py", line 574, in connect
    return dialect.connect(*cargs, **cparams)
           ^^^^^^^^^^^^^^^^^^^^^^^^^^^^^^^^^^
  File "/home/airflow/.local/lib/python3.12/site-packages/sqlalchemy/engine/default.py", line 598, in connect
    return self.dbapi.connect(*cargs, **cparams)
           ^^^^^^^^^^^^^^^^^^^^^^^^^^^^^^^^^^^^^
  File "/home/airflow/.local/lib/python3.12/site-packages/psycopg2/__init__.py", line 122, in connect
    conn = _connect(dsn, connection_factory=connection_factory, **kwasync)
           ^^^^^^^^^^^^^^^^^^^^^^^^^^^^^^^^^^^^^^^^^^^^^^^^^^^^^^^^^^^^^^^
psycopg2.OperationalError: could not translate host name "postgres_airflow" to address: Temporary failure in name resolution


The above exception was the direct cause of the following exception:

Traceback (most recent call last):
  File "/home/airflow/.local/lib/python3.12/site-packages/airflow/dag_processing/processor.py", line 207, in _run_file_processor
    _handle_dag_file_processing()
  File "/home/airflow/.local/lib/python3.12/site-packages/airflow/dag_processing/processor.py", line 188, in _handle_dag_file_processing
    result: tuple[int, int, int] = dag_file_processor.process_file(
                                   ^^^^^^^^^^^^^^^^^^^^^^^^^^^^^^^^
  File "/home/airflow/.local/lib/python3.12/site-packages/airflow/utils/session.py", line 97, in wrapper
    return func(*args, session=session, **kwargs)
           ^^^^^^^^^^^^^^^^^^^^^^^^^^^^^^^^^^^^^^
  File "/home/airflow/.local/lib/python3.12/site-packages/airflow/dag_processing/processor.py", line 928, in process_file
    DagFileProcessor.update_import_errors(
  File "/home/airflow/.local/lib/python3.12/site-packages/airflow/api_internal/internal_api_call.py", line 166, in wrapper
    return func(*args, **kwargs)
           ^^^^^^^^^^^^^^^^^^^^^
  File "/home/airflow/.local/lib/python3.12/site-packages/airflow/utils/session.py", line 97, in wrapper
    return func(*args, session=session, **kwargs)
           ^^^^^^^^^^^^^^^^^^^^^^^^^^^^^^^^^^^^^^
  File "/home/airflow/.local/lib/python3.12/site-packages/airflow/dag_processing/processor.py", line 648, in update_import_errors
    existing_import_error_files = [x.filename for x in session.query(ParseImportError.filename).all()]
                                                       ^^^^^^^^^^^^^^^^^^^^^^^^^^^^^^^^^^^^^^^^^^^^^^
  File "/home/airflow/.local/lib/python3.12/site-packages/sqlalchemy/orm/query.py", line 2773, in all
    return self._iter().all()
           ^^^^^^^^^^^^
  File "/home/airflow/.local/lib/python3.12/site-packages/sqlalchemy/orm/query.py", line 2916, in _iter
    result = self.session.execute(
             ^^^^^^^^^^^^^^^^^^^^^
  File "/home/airflow/.local/lib/python3.12/site-packages/sqlalchemy/orm/session.py", line 1716, in execute
    conn = self._connection_for_bind(bind)
           ^^^^^^^^^^^^^^^^^^^^^^^^^^^^^^^
  File "/home/airflow/.local/lib/python3.12/site-packages/sqlalchemy/orm/session.py", line 1555, in _connection_for_bind
    return self._transaction._connection_for_bind(
           ^^^^^^^^^^^^^^^^^^^^^^^^^^^^^^^^^^^^^^^
  File "/home/airflow/.local/lib/python3.12/site-packages/sqlalchemy/orm/session.py", line 750, in _connection_for_bind
    conn = bind.connect()
           ^^^^^^^^^^^^^^
  File "/home/airflow/.local/lib/python3.12/site-packages/sqlalchemy/future/engine.py", line 412, in connect
    return super(Engine, self).connect()
           ^^^^^^^^^^^^^^^^^^^^^^^^^^^^^
  File "/home/airflow/.local/lib/python3.12/site-packages/sqlalchemy/engine/base.py", line 3325, in connect
    return self._connection_cls(self, close_with_result=close_with_result)
           ^^^^^^^^^^^^^^^^^^^^^^^^^^^^^^^^^^^^^^^^^^^^^^^^^^^^^^^^^^^^^^^
  File "/home/airflow/.local/lib/python3.12/site-packages/sqlalchemy/engine/base.py", line 96, in __init__
    else engine.raw_connection()
         ^^^^^^^^^^^^^^^^^^^^^^^
  File "/home/airflow/.local/lib/python3.12/site-packages/sqlalchemy/engine/base.py", line 3404, in raw_connection
    return self._wrap_pool_connect(self.pool.connect, _connection)
           ^^^^^^^^^^^^^^^^^^^^^^^^^^^^^^^^^^^^^^^^^^^^^^^^^^^^^^^
  File "/home/airflow/.local/lib/python3.12/site-packages/sqlalchemy/engine/base.py", line 3374, in _wrap_pool_connect
    Connection._handle_dbapi_exception_noconnection(
  File "/home/airflow/.local/lib/python3.12/site-packages/sqlalchemy/engine/base.py", line 2208, in _handle_dbapi_exception_noconnection
    util.raise_(
  File "/home/airflow/.local/lib/python3.12/site-packages/sqlalchemy/util/compat.py", line 211, in raise_
    raise exception
  File "/home/airflow/.local/lib/python3.12/site-packages/sqlalchemy/engine/base.py", line 3371, in _wrap_pool_connect
    return fn()
           ^^^^
  File "/home/airflow/.local/lib/python3.12/site-packages/sqlalchemy/pool/base.py", line 327, in connect
    return _ConnectionFairy._checkout(self)
           ^^^^^^^^^^^^^^^^^^^^^^^^^^^^^^^^
  File "/home/airflow/.local/lib/python3.12/site-packages/sqlalchemy/pool/base.py", line 894, in _checkout
    fairy = _ConnectionRecord.checkout(pool)
            ^^^^^^^^^^^^^^^^^^^^^^^^^^^^^^^^
  File "/home/airflow/.local/lib/python3.12/site-packages/sqlalchemy/pool/base.py", line 493, in checkout
    rec = pool._do_get()
          ^^^^^^^^^^^^^^
  File "/home/airflow/.local/lib/python3.12/site-packages/sqlalchemy/pool/impl.py", line 145, in _do_get
    with util.safe_reraise():
         ^^^^^^^^^^^^^^^^^^^
  File "/home/airflow/.local/lib/python3.12/site-packages/sqlalchemy/util/langhelpers.py", line 70, in __exit__
    compat.raise_(
  File "/home/airflow/.local/lib/python3.12/site-packages/sqlalchemy/util/compat.py", line 211, in raise_
    raise exception
  File "/home/airflow/.local/lib/python3.12/site-packages/sqlalchemy/pool/impl.py", line 143, in _do_get
    return self._create_connection()
           ^^^^^^^^^^^^^^^^^^^^^^^^^
  File "/home/airflow/.local/lib/python3.12/site-packages/sqlalchemy/pool/base.py", line 273, in _create_connection
    return _ConnectionRecord(self)
           ^^^^^^^^^^^^^^^^^^^^^^^
  File "/home/airflow/.local/lib/python3.12/site-packages/sqlalchemy/pool/base.py", line 388, in __init__
    self.__connect()
  File "/home/airflow/.local/lib/python3.12/site-packages/sqlalchemy/pool/base.py", line 690, in __connect
    with util.safe_reraise():
         ^^^^^^^^^^^^^^^^^^^
  File "/home/airflow/.local/lib/python3.12/site-packages/sqlalchemy/util/langhelpers.py", line 70, in __exit__
    compat.raise_(
  File "/home/airflow/.local/lib/python3.12/site-packages/sqlalchemy/util/compat.py", line 211, in raise_
    raise exception
  File "/home/airflow/.local/lib/python3.12/site-packages/sqlalchemy/pool/base.py", line 686, in __connect
    self.dbapi_connection = connection = pool._invoke_creator(self)
                                         ^^^^^^^^^^^^^^^^^^^^^^^^^^
  File "/home/airflow/.local/lib/python3.12/site-packages/sqlalchemy/engine/create.py", line 574, in connect
    return dialect.connect(*cargs, **cparams)
           ^^^^^^^^^^^^^^^^^^^^^^^^^^^^^^^^^^
  File "/home/airflow/.local/lib/python3.12/site-packages/sqlalchemy/engine/default.py", line 598, in connect
    return self.dbapi.connect(*cargs, **cparams)
           ^^^^^^^^^^^^^^^^^^^^^^^^^^^^^^^^^^^^^
  File "/home/airflow/.local/lib/python3.12/site-packages/psycopg2/__init__.py", line 122, in connect
    conn = _connect(dsn, connection_factory=connection_factory, **kwasync)
           ^^^^^^^^^^^^^^^^^^^^^^^^^^^^^^^^^^^^^^^^^^^^^^^^^^^^^^^^^^^^^^^
sqlalchemy.exc.OperationalError: (psycopg2.OperationalError) could not translate host name "postgres_airflow" to address: Temporary failure in name resolution

(Background on this error at: https://sqlalche.me/e/14/e3q8)
[2026-04-29T20:27:47.191+0000] {processor.py:186} INFO - Started process (PID=1439) to work on /opt/airflow/dags/etl-dag.py
[2026-04-29T20:27:47.193+0000] {processor.py:914} INFO - Processing file /opt/airflow/dags/etl-dag.py for tasks to queue
[2026-04-29T20:27:47.199+0000] {logging_mixin.py:190} INFO - [2026-04-29T20:27:47.197+0000] {dagbag.py:588} INFO - Filling up the DagBag from /opt/airflow/dags/etl-dag.py
[2026-04-29T20:27:50.919+0000] {processor.py:925} INFO - DAG(s) 'etl_pipeline' retrieved from /opt/airflow/dags/etl-dag.py
[2026-04-29T20:27:51.092+0000] {logging_mixin.py:190} INFO - [2026-04-29T20:27:51.091+0000] {dag.py:3239} INFO - Sync 1 DAGs
[2026-04-29T20:27:51.108+0000] {logging_mixin.py:190} INFO - [2026-04-29T20:27:51.108+0000] {dag.py:4180} INFO - Setting next_dagrun for etl_pipeline to 2026-04-29 00:00:00+00:00, run_after=2026-04-30 00:00:00+00:00
[2026-04-29T20:27:51.124+0000] {processor.py:208} INFO - Processing /opt/airflow/dags/etl-dag.py took 3.948 seconds
[2026-04-29T20:28:21.553+0000] {processor.py:186} INFO - Started process (PID=1458) to work on /opt/airflow/dags/etl-dag.py
[2026-04-29T20:28:21.554+0000] {processor.py:914} INFO - Processing file /opt/airflow/dags/etl-dag.py for tasks to queue
[2026-04-29T20:28:21.556+0000] {logging_mixin.py:190} INFO - [2026-04-29T20:28:21.555+0000] {dagbag.py:588} INFO - Filling up the DagBag from /opt/airflow/dags/etl-dag.py
[2026-04-29T20:28:22.396+0000] {processor.py:925} INFO - DAG(s) 'etl_pipeline' retrieved from /opt/airflow/dags/etl-dag.py
[2026-04-29T20:28:22.437+0000] {logging_mixin.py:190} INFO - [2026-04-29T20:28:22.437+0000] {dag.py:3239} INFO - Sync 1 DAGs
[2026-04-29T20:28:22.451+0000] {logging_mixin.py:190} INFO - [2026-04-29T20:28:22.451+0000] {dag.py:4180} INFO - Setting next_dagrun for etl_pipeline to 2026-04-29 00:00:00+00:00, run_after=2026-04-30 00:00:00+00:00
[2026-04-29T20:28:22.466+0000] {processor.py:208} INFO - Processing /opt/airflow/dags/etl-dag.py took 0.919 seconds
[2026-04-29T20:28:52.879+0000] {processor.py:186} INFO - Started process (PID=1471) to work on /opt/airflow/dags/etl-dag.py
[2026-04-29T20:28:52.880+0000] {processor.py:914} INFO - Processing file /opt/airflow/dags/etl-dag.py for tasks to queue
[2026-04-29T20:28:52.881+0000] {logging_mixin.py:190} INFO - [2026-04-29T20:28:52.881+0000] {dagbag.py:588} INFO - Filling up the DagBag from /opt/airflow/dags/etl-dag.py
[2026-04-29T20:28:53.424+0000] {processor.py:925} INFO - DAG(s) 'etl_pipeline' retrieved from /opt/airflow/dags/etl-dag.py
[2026-04-29T20:28:53.443+0000] {logging_mixin.py:190} INFO - [2026-04-29T20:28:53.442+0000] {dag.py:3239} INFO - Sync 1 DAGs
[2026-04-29T20:28:53.458+0000] {logging_mixin.py:190} INFO - [2026-04-29T20:28:53.458+0000] {dag.py:4180} INFO - Setting next_dagrun for etl_pipeline to 2026-04-29 00:00:00+00:00, run_after=2026-04-30 00:00:00+00:00
[2026-04-29T20:28:53.472+0000] {processor.py:208} INFO - Processing /opt/airflow/dags/etl-dag.py took 0.597 seconds
[2026-04-29T20:29:23.857+0000] {processor.py:186} INFO - Started process (PID=1484) to work on /opt/airflow/dags/etl-dag.py
[2026-04-29T20:29:23.858+0000] {processor.py:914} INFO - Processing file /opt/airflow/dags/etl-dag.py for tasks to queue
[2026-04-29T20:29:23.859+0000] {logging_mixin.py:190} INFO - [2026-04-29T20:29:23.859+0000] {dagbag.py:588} INFO - Filling up the DagBag from /opt/airflow/dags/etl-dag.py
[2026-04-29T20:29:24.395+0000] {processor.py:925} INFO - DAG(s) 'etl_pipeline' retrieved from /opt/airflow/dags/etl-dag.py
[2026-04-29T20:29:24.416+0000] {logging_mixin.py:190} INFO - [2026-04-29T20:29:24.415+0000] {dag.py:3239} INFO - Sync 1 DAGs
[2026-04-29T20:29:24.428+0000] {logging_mixin.py:190} INFO - [2026-04-29T20:29:24.428+0000] {dag.py:4180} INFO - Setting next_dagrun for etl_pipeline to 2026-04-29 00:00:00+00:00, run_after=2026-04-30 00:00:00+00:00
[2026-04-29T20:29:24.443+0000] {processor.py:208} INFO - Processing /opt/airflow/dags/etl-dag.py took 0.591 seconds
[2026-04-29T20:29:54.630+0000] {processor.py:186} INFO - Started process (PID=1496) to work on /opt/airflow/dags/etl-dag.py
[2026-04-29T20:29:54.632+0000] {processor.py:914} INFO - Processing file /opt/airflow/dags/etl-dag.py for tasks to queue
[2026-04-29T20:29:54.634+0000] {logging_mixin.py:190} INFO - [2026-04-29T20:29:54.633+0000] {dagbag.py:588} INFO - Filling up the DagBag from /opt/airflow/dags/etl-dag.py
[2026-04-29T20:29:55.629+0000] {processor.py:925} INFO - DAG(s) 'etl_pipeline' retrieved from /opt/airflow/dags/etl-dag.py
[2026-04-29T20:29:55.656+0000] {logging_mixin.py:190} INFO - [2026-04-29T20:29:55.655+0000] {dag.py:3239} INFO - Sync 1 DAGs
[2026-04-29T20:29:55.673+0000] {logging_mixin.py:190} INFO - [2026-04-29T20:29:55.672+0000] {dag.py:4180} INFO - Setting next_dagrun for etl_pipeline to 2026-04-29 00:00:00+00:00, run_after=2026-04-30 00:00:00+00:00
[2026-04-29T20:29:55.688+0000] {processor.py:208} INFO - Processing /opt/airflow/dags/etl-dag.py took 1.065 seconds
[2026-04-29T20:30:26.095+0000] {processor.py:186} INFO - Started process (PID=1509) to work on /opt/airflow/dags/etl-dag.py
[2026-04-29T20:30:26.097+0000] {processor.py:914} INFO - Processing file /opt/airflow/dags/etl-dag.py for tasks to queue
[2026-04-29T20:30:26.099+0000] {logging_mixin.py:190} INFO - [2026-04-29T20:30:26.099+0000] {dagbag.py:588} INFO - Filling up the DagBag from /opt/airflow/dags/etl-dag.py
[2026-04-29T20:30:26.842+0000] {processor.py:925} INFO - DAG(s) 'etl_pipeline' retrieved from /opt/airflow/dags/etl-dag.py
[2026-04-29T20:30:26.870+0000] {logging_mixin.py:190} INFO - [2026-04-29T20:30:26.869+0000] {dag.py:3239} INFO - Sync 1 DAGs
[2026-04-29T20:30:26.886+0000] {logging_mixin.py:190} INFO - [2026-04-29T20:30:26.886+0000] {dag.py:4180} INFO - Setting next_dagrun for etl_pipeline to 2026-04-29 00:00:00+00:00, run_after=2026-04-30 00:00:00+00:00
[2026-04-29T20:30:26.904+0000] {processor.py:208} INFO - Processing /opt/airflow/dags/etl-dag.py took 0.813 seconds
[2026-04-29T20:30:57.279+0000] {processor.py:186} INFO - Started process (PID=1523) to work on /opt/airflow/dags/etl-dag.py
[2026-04-29T20:30:57.280+0000] {processor.py:914} INFO - Processing file /opt/airflow/dags/etl-dag.py for tasks to queue
[2026-04-29T20:30:57.282+0000] {logging_mixin.py:190} INFO - [2026-04-29T20:30:57.282+0000] {dagbag.py:588} INFO - Filling up the DagBag from /opt/airflow/dags/etl-dag.py
[2026-04-29T20:30:57.990+0000] {processor.py:925} INFO - DAG(s) 'etl_pipeline' retrieved from /opt/airflow/dags/etl-dag.py
[2026-04-29T20:30:58.016+0000] {logging_mixin.py:190} INFO - [2026-04-29T20:30:58.015+0000] {dag.py:3239} INFO - Sync 1 DAGs
[2026-04-29T20:30:58.032+0000] {logging_mixin.py:190} INFO - [2026-04-29T20:30:58.032+0000] {dag.py:4180} INFO - Setting next_dagrun for etl_pipeline to 2026-04-29 00:00:00+00:00, run_after=2026-04-30 00:00:00+00:00
[2026-04-29T20:30:58.049+0000] {processor.py:208} INFO - Processing /opt/airflow/dags/etl-dag.py took 0.775 seconds
[2026-04-29T20:31:28.444+0000] {processor.py:186} INFO - Started process (PID=1535) to work on /opt/airflow/dags/etl-dag.py
[2026-04-29T20:31:28.446+0000] {processor.py:914} INFO - Processing file /opt/airflow/dags/etl-dag.py for tasks to queue
[2026-04-29T20:31:28.448+0000] {logging_mixin.py:190} INFO - [2026-04-29T20:31:28.447+0000] {dagbag.py:588} INFO - Filling up the DagBag from /opt/airflow/dags/etl-dag.py
[2026-04-29T20:31:29.361+0000] {processor.py:925} INFO - DAG(s) 'etl_pipeline' retrieved from /opt/airflow/dags/etl-dag.py
[2026-04-29T20:31:29.402+0000] {logging_mixin.py:190} INFO - [2026-04-29T20:31:29.402+0000] {dag.py:3239} INFO - Sync 1 DAGs
[2026-04-29T20:31:29.422+0000] {logging_mixin.py:190} INFO - [2026-04-29T20:31:29.422+0000] {dag.py:4180} INFO - Setting next_dagrun for etl_pipeline to 2026-04-29 00:00:00+00:00, run_after=2026-04-30 00:00:00+00:00
[2026-04-29T20:31:29.447+0000] {processor.py:208} INFO - Processing /opt/airflow/dags/etl-dag.py took 1.008 seconds
[2026-04-29T20:31:59.784+0000] {processor.py:186} INFO - Started process (PID=1548) to work on /opt/airflow/dags/etl-dag.py
[2026-04-29T20:31:59.786+0000] {processor.py:914} INFO - Processing file /opt/airflow/dags/etl-dag.py for tasks to queue
[2026-04-29T20:31:59.788+0000] {logging_mixin.py:190} INFO - [2026-04-29T20:31:59.787+0000] {dagbag.py:588} INFO - Filling up the DagBag from /opt/airflow/dags/etl-dag.py
[2026-04-29T20:32:01.187+0000] {processor.py:925} INFO - DAG(s) 'etl_pipeline' retrieved from /opt/airflow/dags/etl-dag.py
[2026-04-29T20:32:01.271+0000] {logging_mixin.py:190} INFO - [2026-04-29T20:32:01.271+0000] {dag.py:3239} INFO - Sync 1 DAGs
[2026-04-29T20:32:01.292+0000] {logging_mixin.py:190} INFO - [2026-04-29T20:32:01.292+0000] {dag.py:4180} INFO - Setting next_dagrun for etl_pipeline to 2026-04-29 00:00:00+00:00, run_after=2026-04-30 00:00:00+00:00
[2026-04-29T20:32:01.318+0000] {processor.py:208} INFO - Processing /opt/airflow/dags/etl-dag.py took 1.541 seconds
[2026-04-29T20:32:31.691+0000] {processor.py:186} INFO - Started process (PID=1561) to work on /opt/airflow/dags/etl-dag.py
[2026-04-29T20:32:31.693+0000] {processor.py:914} INFO - Processing file /opt/airflow/dags/etl-dag.py for tasks to queue
[2026-04-29T20:32:31.694+0000] {logging_mixin.py:190} INFO - [2026-04-29T20:32:31.693+0000] {dagbag.py:588} INFO - Filling up the DagBag from /opt/airflow/dags/etl-dag.py
[2026-04-29T20:32:32.807+0000] {processor.py:925} INFO - DAG(s) 'etl_pipeline' retrieved from /opt/airflow/dags/etl-dag.py
[2026-04-29T20:32:32.853+0000] {logging_mixin.py:190} INFO - [2026-04-29T20:32:32.853+0000] {dag.py:3239} INFO - Sync 1 DAGs
[2026-04-29T20:32:32.873+0000] {logging_mixin.py:190} INFO - [2026-04-29T20:32:32.873+0000] {dag.py:4180} INFO - Setting next_dagrun for etl_pipeline to 2026-04-29 00:00:00+00:00, run_after=2026-04-30 00:00:00+00:00
[2026-04-29T20:32:32.890+0000] {processor.py:208} INFO - Processing /opt/airflow/dags/etl-dag.py took 1.204 seconds
[2026-04-29T20:33:04.305+0000] {processor.py:186} INFO - Started process (PID=1625) to work on /opt/airflow/dags/etl-dag.py
[2026-04-29T20:33:04.599+0000] {processor.py:914} INFO - Processing file /opt/airflow/dags/etl-dag.py for tasks to queue
[2026-04-29T20:33:05.004+0000] {logging_mixin.py:190} INFO - [2026-04-29T20:33:04.812+0000] {dagbag.py:588} INFO - Filling up the DagBag from /opt/airflow/dags/etl-dag.py
[2026-04-29T20:33:35.886+0000] {logging_mixin.py:190} INFO - [2026-04-29T20:33:35.662+0000] {timeout.py:68} ERROR - Process timed out, PID: 1625
[2026-04-29T20:33:38.209+0000] {logging_mixin.py:190} INFO - [2026-04-29T20:33:35.964+0000] {dagbag.py:387} ERROR - Failed to import: /opt/airflow/dags/etl-dag.py
Traceback (most recent call last):
  File "/home/airflow/.local/lib/python3.12/site-packages/airflow/models/dagbag.py", line 383, in parse
    loader.exec_module(new_module)
  File "<frozen importlib._bootstrap_external>", line 999, in exec_module
  File "<frozen importlib._bootstrap>", line 488, in _call_with_frames_removed
  File "/opt/airflow/dags/etl-dag.py", line 6, in <module>
    import snowflake.connector
  File "/home/airflow/.local/lib/python3.12/site-packages/snowflake/connector/__init__.py", line 19, in <module>
    from .connection import SnowflakeConnection
  File "/home/airflow/.local/lib/python3.12/site-packages/snowflake/connector/connection.py", line 35, in <module>
    from . import errors, proxy
  File "/home/airflow/.local/lib/python3.12/site-packages/snowflake/connector/errors.py", line 15, in <module>
    from .compat import BASE_EXCEPTION_CLASS
  File "/home/airflow/.local/lib/python3.12/site-packages/snowflake/connector/compat.py", line 19, in <module>
    from . import constants
  File "/home/airflow/.local/lib/python3.12/site-packages/snowflake/connector/constants.py", line 12, in <module>
    from .options import pyarrow as pa
  File "/home/airflow/.local/lib/python3.12/site-packages/snowflake/connector/options.py", line 135, in <module>
    pandas, pyarrow, installed_pandas = _import_or_missing_pandas_option()
                                        ^^^^^^^^^^^^^^^^^^^^^^^^^^^^^^^^^^
  File "/home/airflow/.local/lib/python3.12/site-packages/snowflake/connector/options.py", line 97, in _import_or_missing_pandas_option
    dep = Requirement(dependency)
          ^^^^^^^^^^^^^^^^^^^^^^^
  File "/home/airflow/.local/lib/python3.12/site-packages/packaging/requirements.py", line 43, in __init__
    self.specifier: SpecifierSet = SpecifierSet(parsed.specifier)
                                   ^^^^^^^^^^^^^^^^^^^^^^^^^^^^^^
  File "/home/airflow/.local/lib/python3.12/site-packages/packaging/specifiers.py", line 726, in __init__
    self._specs = frozenset(map(Specifier, split_specifiers))
                  ^^^^^^^^^^^^^^^^^^^^^^^^^^^^^^^^^^^^^^^^^^^
  File "/home/airflow/.local/lib/python3.12/site-packages/packaging/specifiers.py", line 331, in __hash__
    return hash(self._canonical_spec)
                ^^^^^^^^^^^^^^^^^^^^
  File "/home/airflow/.local/lib/python3.12/site-packages/packaging/specifiers.py", line 324, in _canonical_spec
    canonical_version = canonicalize_version(
                        ^^^^^^^^^^^^^^^^^^^^^
  File "/usr/local/lib/python3.12/functools.py", line 909, in wrapper
    return dispatch(args[0].__class__)(*args, **kw)
           ^^^^^^^^^^^^^^^^^^^^^^^^^^^^^^^^^^^^^^^^
  File "/home/airflow/.local/lib/python3.12/site-packages/packaging/utils.py", line 87, in _
    parsed = Version(version)
             ^^^^^^^^^^^^^^^^
  File "/home/airflow/.local/lib/python3.12/site-packages/packaging/version.py", line 217, in __init__
    self._key = _cmpkey(
                ^^^^^^^^
  File "/home/airflow/.local/lib/python3.12/site-packages/packaging/version.py", line 537, in _cmpkey
    reversed(list(itertools.dropwhile(lambda x: x == 0, reversed(release))))
             ^^^^^^^^^^^^^^^^^^^^^^^^^^^^^^^^^^^^^^^^^^^^^^^^^^^^^^^^^^^^^^
  File "/home/airflow/.local/lib/python3.12/site-packages/airflow/utils/timeout.py", line 69, in handle_timeout
    raise AirflowTaskTimeout(self.error_message)
airflow.exceptions.AirflowTaskTimeout: DagBag import timeout for /opt/airflow/dags/etl-dag.py after 30.0s.
Please take a look at these docs to improve your DAG import time:
* https://airflow.apache.org/docs/apache-airflow/2.10.4/best-practices.html#top-level-python-code
* https://airflow.apache.org/docs/apache-airflow/2.10.4/best-practices.html#reducing-dag-complexity, PID: 1625
[2026-04-29T20:33:38.775+0000] {processor.py:927} WARNING - No viable dags retrieved from /opt/airflow/dags/etl-dag.py
[2026-04-29T20:33:52.329+0000] {processor.py:211} ERROR - Got an exception! Propagating...
Traceback (most recent call last):
  File "/home/airflow/.local/lib/python3.12/site-packages/sqlalchemy/engine/base.py", line 3371, in _wrap_pool_connect
    return fn()
           ^^^^
  File "/home/airflow/.local/lib/python3.12/site-packages/sqlalchemy/pool/base.py", line 327, in connect
    return _ConnectionFairy._checkout(self)
           ^^^^^^^^^^^^^^^^^^^^^^^^^^^^^^^^
  File "/home/airflow/.local/lib/python3.12/site-packages/sqlalchemy/pool/base.py", line 894, in _checkout
    fairy = _ConnectionRecord.checkout(pool)
            ^^^^^^^^^^^^^^^^^^^^^^^^^^^^^^^^
  File "/home/airflow/.local/lib/python3.12/site-packages/sqlalchemy/pool/base.py", line 493, in checkout
    rec = pool._do_get()
          ^^^^^^^^^^^^^^
  File "/home/airflow/.local/lib/python3.12/site-packages/sqlalchemy/pool/impl.py", line 145, in _do_get
    with util.safe_reraise():
         ^^^^^^^^^^^^^^^^^^^
  File "/home/airflow/.local/lib/python3.12/site-packages/sqlalchemy/util/langhelpers.py", line 70, in __exit__
    compat.raise_(
  File "/home/airflow/.local/lib/python3.12/site-packages/sqlalchemy/util/compat.py", line 211, in raise_
    raise exception
  File "/home/airflow/.local/lib/python3.12/site-packages/sqlalchemy/pool/impl.py", line 143, in _do_get
    return self._create_connection()
           ^^^^^^^^^^^^^^^^^^^^^^^^^
  File "/home/airflow/.local/lib/python3.12/site-packages/sqlalchemy/pool/base.py", line 273, in _create_connection
    return _ConnectionRecord(self)
           ^^^^^^^^^^^^^^^^^^^^^^^
  File "/home/airflow/.local/lib/python3.12/site-packages/sqlalchemy/pool/base.py", line 388, in __init__
    self.__connect()
  File "/home/airflow/.local/lib/python3.12/site-packages/sqlalchemy/pool/base.py", line 690, in __connect
    with util.safe_reraise():
         ^^^^^^^^^^^^^^^^^^^
  File "/home/airflow/.local/lib/python3.12/site-packages/sqlalchemy/util/langhelpers.py", line 70, in __exit__
    compat.raise_(
  File "/home/airflow/.local/lib/python3.12/site-packages/sqlalchemy/util/compat.py", line 211, in raise_
    raise exception
  File "/home/airflow/.local/lib/python3.12/site-packages/sqlalchemy/pool/base.py", line 686, in __connect
    self.dbapi_connection = connection = pool._invoke_creator(self)
                                         ^^^^^^^^^^^^^^^^^^^^^^^^^^
  File "/home/airflow/.local/lib/python3.12/site-packages/sqlalchemy/engine/create.py", line 574, in connect
    return dialect.connect(*cargs, **cparams)
           ^^^^^^^^^^^^^^^^^^^^^^^^^^^^^^^^^^
  File "/home/airflow/.local/lib/python3.12/site-packages/sqlalchemy/engine/default.py", line 598, in connect
    return self.dbapi.connect(*cargs, **cparams)
           ^^^^^^^^^^^^^^^^^^^^^^^^^^^^^^^^^^^^^
  File "/home/airflow/.local/lib/python3.12/site-packages/psycopg2/__init__.py", line 122, in connect
    conn = _connect(dsn, connection_factory=connection_factory, **kwasync)
           ^^^^^^^^^^^^^^^^^^^^^^^^^^^^^^^^^^^^^^^^^^^^^^^^^^^^^^^^^^^^^^^
psycopg2.OperationalError: could not translate host name "postgres_airflow" to address: Temporary failure in name resolution


The above exception was the direct cause of the following exception:

Traceback (most recent call last):
  File "/home/airflow/.local/lib/python3.12/site-packages/airflow/dag_processing/processor.py", line 207, in _run_file_processor
    _handle_dag_file_processing()
  File "/home/airflow/.local/lib/python3.12/site-packages/airflow/dag_processing/processor.py", line 188, in _handle_dag_file_processing
    result: tuple[int, int, int] = dag_file_processor.process_file(
                                   ^^^^^^^^^^^^^^^^^^^^^^^^^^^^^^^^
  File "/home/airflow/.local/lib/python3.12/site-packages/airflow/utils/session.py", line 97, in wrapper
    return func(*args, session=session, **kwargs)
           ^^^^^^^^^^^^^^^^^^^^^^^^^^^^^^^^^^^^^^
  File "/home/airflow/.local/lib/python3.12/site-packages/airflow/dag_processing/processor.py", line 928, in process_file
    DagFileProcessor.update_import_errors(
  File "/home/airflow/.local/lib/python3.12/site-packages/airflow/api_internal/internal_api_call.py", line 166, in wrapper
    return func(*args, **kwargs)
           ^^^^^^^^^^^^^^^^^^^^^
  File "/home/airflow/.local/lib/python3.12/site-packages/airflow/utils/session.py", line 97, in wrapper
    return func(*args, session=session, **kwargs)
           ^^^^^^^^^^^^^^^^^^^^^^^^^^^^^^^^^^^^^^
  File "/home/airflow/.local/lib/python3.12/site-packages/airflow/dag_processing/processor.py", line 648, in update_import_errors
    existing_import_error_files = [x.filename for x in session.query(ParseImportError.filename).all()]
                                                       ^^^^^^^^^^^^^^^^^^^^^^^^^^^^^^^^^^^^^^^^^^^^^^
  File "/home/airflow/.local/lib/python3.12/site-packages/sqlalchemy/orm/query.py", line 2773, in all
    return self._iter().all()
           ^^^^^^^^^^^^
  File "/home/airflow/.local/lib/python3.12/site-packages/sqlalchemy/orm/query.py", line 2916, in _iter
    result = self.session.execute(
             ^^^^^^^^^^^^^^^^^^^^^
  File "/home/airflow/.local/lib/python3.12/site-packages/sqlalchemy/orm/session.py", line 1716, in execute
    conn = self._connection_for_bind(bind)
           ^^^^^^^^^^^^^^^^^^^^^^^^^^^^^^^
  File "/home/airflow/.local/lib/python3.12/site-packages/sqlalchemy/orm/session.py", line 1555, in _connection_for_bind
    return self._transaction._connection_for_bind(
           ^^^^^^^^^^^^^^^^^^^^^^^^^^^^^^^^^^^^^^^
  File "/home/airflow/.local/lib/python3.12/site-packages/sqlalchemy/orm/session.py", line 750, in _connection_for_bind
    conn = bind.connect()
           ^^^^^^^^^^^^^^
  File "/home/airflow/.local/lib/python3.12/site-packages/sqlalchemy/future/engine.py", line 412, in connect
    return super(Engine, self).connect()
           ^^^^^^^^^^^^^^^^^^^^^^^^^^^^^
  File "/home/airflow/.local/lib/python3.12/site-packages/sqlalchemy/engine/base.py", line 3325, in connect
    return self._connection_cls(self, close_with_result=close_with_result)
           ^^^^^^^^^^^^^^^^^^^^^^^^^^^^^^^^^^^^^^^^^^^^^^^^^^^^^^^^^^^^^^^
  File "/home/airflow/.local/lib/python3.12/site-packages/sqlalchemy/engine/base.py", line 96, in __init__
    else engine.raw_connection()
         ^^^^^^^^^^^^^^^^^^^^^^^
  File "/home/airflow/.local/lib/python3.12/site-packages/sqlalchemy/engine/base.py", line 3404, in raw_connection
    return self._wrap_pool_connect(self.pool.connect, _connection)
           ^^^^^^^^^^^^^^^^^^^^^^^^^^^^^^^^^^^^^^^^^^^^^^^^^^^^^^^
  File "/home/airflow/.local/lib/python3.12/site-packages/sqlalchemy/engine/base.py", line 3374, in _wrap_pool_connect
    Connection._handle_dbapi_exception_noconnection(
  File "/home/airflow/.local/lib/python3.12/site-packages/sqlalchemy/engine/base.py", line 2208, in _handle_dbapi_exception_noconnection
    util.raise_(
  File "/home/airflow/.local/lib/python3.12/site-packages/sqlalchemy/util/compat.py", line 211, in raise_
    raise exception
  File "/home/airflow/.local/lib/python3.12/site-packages/sqlalchemy/engine/base.py", line 3371, in _wrap_pool_connect
    return fn()
           ^^^^
  File "/home/airflow/.local/lib/python3.12/site-packages/sqlalchemy/pool/base.py", line 327, in connect
    return _ConnectionFairy._checkout(self)
           ^^^^^^^^^^^^^^^^^^^^^^^^^^^^^^^^
  File "/home/airflow/.local/lib/python3.12/site-packages/sqlalchemy/pool/base.py", line 894, in _checkout
    fairy = _ConnectionRecord.checkout(pool)
            ^^^^^^^^^^^^^^^^^^^^^^^^^^^^^^^^
  File "/home/airflow/.local/lib/python3.12/site-packages/sqlalchemy/pool/base.py", line 493, in checkout
    rec = pool._do_get()
          ^^^^^^^^^^^^^^
  File "/home/airflow/.local/lib/python3.12/site-packages/sqlalchemy/pool/impl.py", line 145, in _do_get
    with util.safe_reraise():
         ^^^^^^^^^^^^^^^^^^^
  File "/home/airflow/.local/lib/python3.12/site-packages/sqlalchemy/util/langhelpers.py", line 70, in __exit__
    compat.raise_(
  File "/home/airflow/.local/lib/python3.12/site-packages/sqlalchemy/util/compat.py", line 211, in raise_
    raise exception
  File "/home/airflow/.local/lib/python3.12/site-packages/sqlalchemy/pool/impl.py", line 143, in _do_get
    return self._create_connection()
           ^^^^^^^^^^^^^^^^^^^^^^^^^
  File "/home/airflow/.local/lib/python3.12/site-packages/sqlalchemy/pool/base.py", line 273, in _create_connection
    return _ConnectionRecord(self)
           ^^^^^^^^^^^^^^^^^^^^^^^
  File "/home/airflow/.local/lib/python3.12/site-packages/sqlalchemy/pool/base.py", line 388, in __init__
    self.__connect()
  File "/home/airflow/.local/lib/python3.12/site-packages/sqlalchemy/pool/base.py", line 690, in __connect
    with util.safe_reraise():
         ^^^^^^^^^^^^^^^^^^^
  File "/home/airflow/.local/lib/python3.12/site-packages/sqlalchemy/util/langhelpers.py", line 70, in __exit__
    compat.raise_(
  File "/home/airflow/.local/lib/python3.12/site-packages/sqlalchemy/util/compat.py", line 211, in raise_
    raise exception
  File "/home/airflow/.local/lib/python3.12/site-packages/sqlalchemy/pool/base.py", line 686, in __connect
    self.dbapi_connection = connection = pool._invoke_creator(self)
                                         ^^^^^^^^^^^^^^^^^^^^^^^^^^
  File "/home/airflow/.local/lib/python3.12/site-packages/sqlalchemy/engine/create.py", line 574, in connect
    return dialect.connect(*cargs, **cparams)
           ^^^^^^^^^^^^^^^^^^^^^^^^^^^^^^^^^^
  File "/home/airflow/.local/lib/python3.12/site-packages/sqlalchemy/engine/default.py", line 598, in connect
    return self.dbapi.connect(*cargs, **cparams)
           ^^^^^^^^^^^^^^^^^^^^^^^^^^^^^^^^^^^^^
  File "/home/airflow/.local/lib/python3.12/site-packages/psycopg2/__init__.py", line 122, in connect
    conn = _connect(dsn, connection_factory=connection_factory, **kwasync)
           ^^^^^^^^^^^^^^^^^^^^^^^^^^^^^^^^^^^^^^^^^^^^^^^^^^^^^^^^^^^^^^^
sqlalchemy.exc.OperationalError: (psycopg2.OperationalError) could not translate host name "postgres_airflow" to address: Temporary failure in name resolution

(Background on this error at: https://sqlalche.me/e/14/e3q8)
[2026-04-29T20:34:55.900+0000] {processor.py:186} INFO - Started process (PID=1637) to work on /opt/airflow/dags/etl-dag.py
[2026-04-29T20:34:55.902+0000] {processor.py:914} INFO - Processing file /opt/airflow/dags/etl-dag.py for tasks to queue
[2026-04-29T20:34:55.905+0000] {logging_mixin.py:190} INFO - [2026-04-29T20:34:55.903+0000] {dagbag.py:588} INFO - Filling up the DagBag from /opt/airflow/dags/etl-dag.py
[2026-04-29T20:34:57.279+0000] {processor.py:925} INFO - DAG(s) 'etl_pipeline' retrieved from /opt/airflow/dags/etl-dag.py
[2026-04-29T20:34:57.341+0000] {logging_mixin.py:190} INFO - [2026-04-29T20:34:57.340+0000] {dag.py:3239} INFO - Sync 1 DAGs
[2026-04-29T20:34:57.372+0000] {logging_mixin.py:190} INFO - [2026-04-29T20:34:57.371+0000] {dag.py:4180} INFO - Setting next_dagrun for etl_pipeline to 2026-04-29 00:00:00+00:00, run_after=2026-04-30 00:00:00+00:00
[2026-04-29T20:34:57.396+0000] {processor.py:208} INFO - Processing /opt/airflow/dags/etl-dag.py took 1.511 seconds
[2026-04-29T20:35:27.779+0000] {processor.py:186} INFO - Started process (PID=1651) to work on /opt/airflow/dags/etl-dag.py
[2026-04-29T20:35:27.780+0000] {processor.py:914} INFO - Processing file /opt/airflow/dags/etl-dag.py for tasks to queue
[2026-04-29T20:35:27.782+0000] {logging_mixin.py:190} INFO - [2026-04-29T20:35:27.781+0000] {dagbag.py:588} INFO - Filling up the DagBag from /opt/airflow/dags/etl-dag.py
[2026-04-29T20:35:28.698+0000] {processor.py:925} INFO - DAG(s) 'etl_pipeline' retrieved from /opt/airflow/dags/etl-dag.py
[2026-04-29T20:35:28.831+0000] {logging_mixin.py:190} INFO - [2026-04-29T20:35:28.827+0000] {dag.py:3239} INFO - Sync 1 DAGs
[2026-04-29T20:35:28.856+0000] {logging_mixin.py:190} INFO - [2026-04-29T20:35:28.856+0000] {dag.py:4180} INFO - Setting next_dagrun for etl_pipeline to 2026-04-29 00:00:00+00:00, run_after=2026-04-30 00:00:00+00:00
[2026-04-29T20:35:28.880+0000] {processor.py:208} INFO - Processing /opt/airflow/dags/etl-dag.py took 1.108 seconds
[2026-04-29T20:35:59.136+0000] {processor.py:186} INFO - Started process (PID=1670) to work on /opt/airflow/dags/etl-dag.py
[2026-04-29T20:35:59.138+0000] {processor.py:914} INFO - Processing file /opt/airflow/dags/etl-dag.py for tasks to queue
[2026-04-29T20:35:59.141+0000] {logging_mixin.py:190} INFO - [2026-04-29T20:35:59.139+0000] {dagbag.py:588} INFO - Filling up the DagBag from /opt/airflow/dags/etl-dag.py
[2026-04-29T20:36:00.157+0000] {processor.py:925} INFO - DAG(s) 'etl_pipeline' retrieved from /opt/airflow/dags/etl-dag.py
[2026-04-29T20:36:00.224+0000] {logging_mixin.py:190} INFO - [2026-04-29T20:36:00.224+0000] {dag.py:3239} INFO - Sync 1 DAGs
[2026-04-29T20:36:00.244+0000] {logging_mixin.py:190} INFO - [2026-04-29T20:36:00.243+0000] {dag.py:4180} INFO - Setting next_dagrun for etl_pipeline to 2026-04-29 00:00:00+00:00, run_after=2026-04-30 00:00:00+00:00
[2026-04-29T20:36:00.258+0000] {processor.py:208} INFO - Processing /opt/airflow/dags/etl-dag.py took 1.130 seconds
[2026-04-29T20:36:30.613+0000] {processor.py:186} INFO - Started process (PID=1683) to work on /opt/airflow/dags/etl-dag.py
[2026-04-29T20:36:30.614+0000] {processor.py:914} INFO - Processing file /opt/airflow/dags/etl-dag.py for tasks to queue
[2026-04-29T20:36:30.616+0000] {logging_mixin.py:190} INFO - [2026-04-29T20:36:30.616+0000] {dagbag.py:588} INFO - Filling up the DagBag from /opt/airflow/dags/etl-dag.py
[2026-04-29T20:36:31.632+0000] {processor.py:925} INFO - DAG(s) 'etl_pipeline' retrieved from /opt/airflow/dags/etl-dag.py
[2026-04-29T20:36:31.677+0000] {logging_mixin.py:190} INFO - [2026-04-29T20:36:31.677+0000] {dag.py:3239} INFO - Sync 1 DAGs
[2026-04-29T20:36:31.695+0000] {logging_mixin.py:190} INFO - [2026-04-29T20:36:31.695+0000] {dag.py:4180} INFO - Setting next_dagrun for etl_pipeline to 2026-04-29 00:00:00+00:00, run_after=2026-04-30 00:00:00+00:00
[2026-04-29T20:36:31.713+0000] {processor.py:208} INFO - Processing /opt/airflow/dags/etl-dag.py took 1.105 seconds
[2026-04-29T20:37:01.992+0000] {processor.py:186} INFO - Started process (PID=1696) to work on /opt/airflow/dags/etl-dag.py
[2026-04-29T20:37:01.997+0000] {processor.py:914} INFO - Processing file /opt/airflow/dags/etl-dag.py for tasks to queue
[2026-04-29T20:37:02.001+0000] {logging_mixin.py:190} INFO - [2026-04-29T20:37:01.999+0000] {dagbag.py:588} INFO - Filling up the DagBag from /opt/airflow/dags/etl-dag.py
[2026-04-29T20:37:03.130+0000] {processor.py:925} INFO - DAG(s) 'etl_pipeline' retrieved from /opt/airflow/dags/etl-dag.py
[2026-04-29T20:37:03.193+0000] {logging_mixin.py:190} INFO - [2026-04-29T20:37:03.192+0000] {dag.py:3239} INFO - Sync 1 DAGs
[2026-04-29T20:37:03.212+0000] {logging_mixin.py:190} INFO - [2026-04-29T20:37:03.212+0000] {dag.py:4180} INFO - Setting next_dagrun for etl_pipeline to 2026-04-29 00:00:00+00:00, run_after=2026-04-30 00:00:00+00:00
[2026-04-29T20:37:03.227+0000] {processor.py:208} INFO - Processing /opt/airflow/dags/etl-dag.py took 1.247 seconds
[2026-04-29T20:37:33.393+0000] {processor.py:186} INFO - Started process (PID=1709) to work on /opt/airflow/dags/etl-dag.py
[2026-04-29T20:37:33.394+0000] {processor.py:914} INFO - Processing file /opt/airflow/dags/etl-dag.py for tasks to queue
[2026-04-29T20:37:33.396+0000] {logging_mixin.py:190} INFO - [2026-04-29T20:37:33.395+0000] {dagbag.py:588} INFO - Filling up the DagBag from /opt/airflow/dags/etl-dag.py
[2026-04-29T20:37:34.254+0000] {processor.py:925} INFO - DAG(s) 'etl_pipeline' retrieved from /opt/airflow/dags/etl-dag.py
[2026-04-29T20:37:34.311+0000] {logging_mixin.py:190} INFO - [2026-04-29T20:37:34.311+0000] {dag.py:3239} INFO - Sync 1 DAGs
[2026-04-29T20:37:34.331+0000] {logging_mixin.py:190} INFO - [2026-04-29T20:37:34.331+0000] {dag.py:4180} INFO - Setting next_dagrun for etl_pipeline to 2026-04-29 00:00:00+00:00, run_after=2026-04-30 00:00:00+00:00
[2026-04-29T20:37:34.347+0000] {processor.py:208} INFO - Processing /opt/airflow/dags/etl-dag.py took 0.966 seconds
[2026-04-29T20:38:04.755+0000] {processor.py:186} INFO - Started process (PID=1722) to work on /opt/airflow/dags/etl-dag.py
[2026-04-29T20:38:04.757+0000] {processor.py:914} INFO - Processing file /opt/airflow/dags/etl-dag.py for tasks to queue
[2026-04-29T20:38:04.762+0000] {logging_mixin.py:190} INFO - [2026-04-29T20:38:04.758+0000] {dagbag.py:588} INFO - Filling up the DagBag from /opt/airflow/dags/etl-dag.py
[2026-04-29T20:38:05.811+0000] {processor.py:925} INFO - DAG(s) 'etl_pipeline' retrieved from /opt/airflow/dags/etl-dag.py
[2026-04-29T20:38:05.862+0000] {logging_mixin.py:190} INFO - [2026-04-29T20:38:05.862+0000] {dag.py:3239} INFO - Sync 1 DAGs
[2026-04-29T20:38:05.883+0000] {logging_mixin.py:190} INFO - [2026-04-29T20:38:05.883+0000] {dag.py:4180} INFO - Setting next_dagrun for etl_pipeline to 2026-04-29 00:00:00+00:00, run_after=2026-04-30 00:00:00+00:00
[2026-04-29T20:38:05.901+0000] {processor.py:208} INFO - Processing /opt/airflow/dags/etl-dag.py took 1.156 seconds
[2026-04-29T20:38:36.289+0000] {processor.py:186} INFO - Started process (PID=1752) to work on /opt/airflow/dags/etl-dag.py
[2026-04-29T20:38:36.294+0000] {processor.py:914} INFO - Processing file /opt/airflow/dags/etl-dag.py for tasks to queue
[2026-04-29T20:38:36.298+0000] {logging_mixin.py:190} INFO - [2026-04-29T20:38:36.296+0000] {dagbag.py:588} INFO - Filling up the DagBag from /opt/airflow/dags/etl-dag.py
[2026-04-29T20:38:59.214+0000] {processor.py:925} INFO - DAG(s) 'etl_pipeline' retrieved from /opt/airflow/dags/etl-dag.py
[2026-04-29T20:39:34.986+0000] {processor.py:186} INFO - Started process (PID=1763) to work on /opt/airflow/dags/etl-dag.py
[2026-04-29T20:39:34.988+0000] {processor.py:914} INFO - Processing file /opt/airflow/dags/etl-dag.py for tasks to queue
[2026-04-29T20:39:34.991+0000] {logging_mixin.py:190} INFO - [2026-04-29T20:39:34.989+0000] {dagbag.py:588} INFO - Filling up the DagBag from /opt/airflow/dags/etl-dag.py
[2026-04-29T20:39:36.297+0000] {processor.py:925} INFO - DAG(s) 'etl_pipeline' retrieved from /opt/airflow/dags/etl-dag.py
[2026-04-29T20:39:36.372+0000] {logging_mixin.py:190} INFO - [2026-04-29T20:39:36.371+0000] {taskinstance.py:3313} ERROR - {'DAG Id': 'etl_pipeline', 'Task Id': 'extract', 'Run Id': 'manual__2026-04-29T20:38:27.558882+00:00', 'Hostname': '9474d46fe21a'}
[2026-04-29T20:39:36.420+0000] {logging_mixin.py:190} INFO - [2026-04-29T20:39:36.420+0000] {taskinstance.py:1225} INFO - Marking task as FAILED. dag_id=etl_pipeline, task_id=extract, run_id=manual__2026-04-29T20:38:27.558882+00:00, execution_date=20260429T203827, start_date=20260429T203835, end_date=20260429T203936
[2026-04-29T20:39:36.440+0000] {logging_mixin.py:190} INFO - [2026-04-29T20:39:36.440+0000] {processor.py:876} INFO - Executed callback for <TaskInstance: etl_pipeline.extract manual__2026-04-29T20:38:27.558882+00:00 [failed]> in state failed
[2026-04-29T20:39:36.475+0000] {logging_mixin.py:190} INFO - [2026-04-29T20:39:36.475+0000] {dag.py:3239} INFO - Sync 1 DAGs
[2026-04-29T20:39:36.499+0000] {logging_mixin.py:190} INFO - [2026-04-29T20:39:36.498+0000] {dag.py:4180} INFO - Setting next_dagrun for etl_pipeline to 2026-04-29 00:00:00+00:00, run_after=2026-04-30 00:00:00+00:00
[2026-04-29T20:39:36.526+0000] {processor.py:208} INFO - Processing /opt/airflow/dags/etl-dag.py took 1.551 seconds
[2026-04-29T20:40:07.015+0000] {processor.py:186} INFO - Started process (PID=1776) to work on /opt/airflow/dags/etl-dag.py
[2026-04-29T20:40:07.017+0000] {processor.py:914} INFO - Processing file /opt/airflow/dags/etl-dag.py for tasks to queue
[2026-04-29T20:40:07.019+0000] {logging_mixin.py:190} INFO - [2026-04-29T20:40:07.018+0000] {dagbag.py:588} INFO - Filling up the DagBag from /opt/airflow/dags/etl-dag.py
[2026-04-29T20:40:07.870+0000] {processor.py:925} INFO - DAG(s) 'etl_pipeline' retrieved from /opt/airflow/dags/etl-dag.py
[2026-04-29T20:40:07.911+0000] {logging_mixin.py:190} INFO - [2026-04-29T20:40:07.911+0000] {dag.py:3239} INFO - Sync 1 DAGs
[2026-04-29T20:40:07.929+0000] {logging_mixin.py:190} INFO - [2026-04-29T20:40:07.929+0000] {dag.py:4180} INFO - Setting next_dagrun for etl_pipeline to 2026-04-29 00:00:00+00:00, run_after=2026-04-30 00:00:00+00:00
[2026-04-29T20:40:07.943+0000] {processor.py:208} INFO - Processing /opt/airflow/dags/etl-dag.py took 0.938 seconds
[2026-04-29T20:40:38.413+0000] {processor.py:186} INFO - Started process (PID=1789) to work on /opt/airflow/dags/etl-dag.py
[2026-04-29T20:40:38.416+0000] {processor.py:914} INFO - Processing file /opt/airflow/dags/etl-dag.py for tasks to queue
[2026-04-29T20:40:38.418+0000] {logging_mixin.py:190} INFO - [2026-04-29T20:40:38.418+0000] {dagbag.py:588} INFO - Filling up the DagBag from /opt/airflow/dags/etl-dag.py
[2026-04-29T20:40:40.077+0000] {processor.py:925} INFO - DAG(s) 'etl_pipeline' retrieved from /opt/airflow/dags/etl-dag.py
[2026-04-29T20:40:40.149+0000] {logging_mixin.py:190} INFO - [2026-04-29T20:40:40.148+0000] {dag.py:3239} INFO - Sync 1 DAGs
[2026-04-29T20:40:40.180+0000] {logging_mixin.py:190} INFO - [2026-04-29T20:40:40.180+0000] {dag.py:4180} INFO - Setting next_dagrun for etl_pipeline to 2026-04-29 00:00:00+00:00, run_after=2026-04-30 00:00:00+00:00
[2026-04-29T20:40:40.205+0000] {processor.py:208} INFO - Processing /opt/airflow/dags/etl-dag.py took 1.805 seconds
[2026-04-29T20:41:10.616+0000] {processor.py:186} INFO - Started process (PID=1802) to work on /opt/airflow/dags/etl-dag.py
[2026-04-29T20:41:10.618+0000] {processor.py:914} INFO - Processing file /opt/airflow/dags/etl-dag.py for tasks to queue
[2026-04-29T20:41:10.621+0000] {logging_mixin.py:190} INFO - [2026-04-29T20:41:10.621+0000] {dagbag.py:588} INFO - Filling up the DagBag from /opt/airflow/dags/etl-dag.py
[2026-04-29T20:41:11.611+0000] {processor.py:925} INFO - DAG(s) 'etl_pipeline' retrieved from /opt/airflow/dags/etl-dag.py
[2026-04-29T20:41:11.668+0000] {logging_mixin.py:190} INFO - [2026-04-29T20:41:11.664+0000] {dag.py:3239} INFO - Sync 1 DAGs
[2026-04-29T20:41:11.694+0000] {logging_mixin.py:190} INFO - [2026-04-29T20:41:11.694+0000] {dag.py:4180} INFO - Setting next_dagrun for etl_pipeline to 2026-04-29 00:00:00+00:00, run_after=2026-04-30 00:00:00+00:00
[2026-04-29T20:41:11.723+0000] {processor.py:208} INFO - Processing /opt/airflow/dags/etl-dag.py took 1.119 seconds
[2026-04-29T20:41:42.068+0000] {processor.py:186} INFO - Started process (PID=1815) to work on /opt/airflow/dags/etl-dag.py
[2026-04-29T20:41:42.069+0000] {processor.py:914} INFO - Processing file /opt/airflow/dags/etl-dag.py for tasks to queue
[2026-04-29T20:41:42.072+0000] {logging_mixin.py:190} INFO - [2026-04-29T20:41:42.071+0000] {dagbag.py:588} INFO - Filling up the DagBag from /opt/airflow/dags/etl-dag.py
[2026-04-29T20:41:43.133+0000] {processor.py:925} INFO - DAG(s) 'etl_pipeline' retrieved from /opt/airflow/dags/etl-dag.py
[2026-04-29T20:41:43.212+0000] {logging_mixin.py:190} INFO - [2026-04-29T20:41:43.211+0000] {dag.py:3239} INFO - Sync 1 DAGs
[2026-04-29T20:41:43.235+0000] {logging_mixin.py:190} INFO - [2026-04-29T20:41:43.235+0000] {dag.py:4180} INFO - Setting next_dagrun for etl_pipeline to 2026-04-29 00:00:00+00:00, run_after=2026-04-30 00:00:00+00:00
[2026-04-29T20:41:43.259+0000] {processor.py:208} INFO - Processing /opt/airflow/dags/etl-dag.py took 1.198 seconds
[2026-04-29T20:42:13.404+0000] {processor.py:186} INFO - Started process (PID=1828) to work on /opt/airflow/dags/etl-dag.py
[2026-04-29T20:42:13.405+0000] {processor.py:914} INFO - Processing file /opt/airflow/dags/etl-dag.py for tasks to queue
[2026-04-29T20:42:13.407+0000] {logging_mixin.py:190} INFO - [2026-04-29T20:42:13.406+0000] {dagbag.py:588} INFO - Filling up the DagBag from /opt/airflow/dags/etl-dag.py
[2026-04-29T20:42:14.450+0000] {processor.py:925} INFO - DAG(s) 'etl_pipeline' retrieved from /opt/airflow/dags/etl-dag.py
[2026-04-29T20:42:14.509+0000] {logging_mixin.py:190} INFO - [2026-04-29T20:42:14.509+0000] {dag.py:3239} INFO - Sync 1 DAGs
[2026-04-29T20:42:14.527+0000] {logging_mixin.py:190} INFO - [2026-04-29T20:42:14.527+0000] {dag.py:4180} INFO - Setting next_dagrun for etl_pipeline to 2026-04-29 00:00:00+00:00, run_after=2026-04-30 00:00:00+00:00
[2026-04-29T20:42:14.547+0000] {processor.py:208} INFO - Processing /opt/airflow/dags/etl-dag.py took 1.151 seconds
[2026-04-29T20:42:44.775+0000] {processor.py:186} INFO - Started process (PID=1841) to work on /opt/airflow/dags/etl-dag.py
[2026-04-29T20:42:44.777+0000] {processor.py:914} INFO - Processing file /opt/airflow/dags/etl-dag.py for tasks to queue
[2026-04-29T20:42:44.784+0000] {logging_mixin.py:190} INFO - [2026-04-29T20:42:44.784+0000] {dagbag.py:588} INFO - Filling up the DagBag from /opt/airflow/dags/etl-dag.py
[2026-04-29T20:42:46.232+0000] {processor.py:925} INFO - DAG(s) 'etl_pipeline' retrieved from /opt/airflow/dags/etl-dag.py
[2026-04-29T20:42:46.354+0000] {logging_mixin.py:190} INFO - [2026-04-29T20:42:46.352+0000] {dag.py:3239} INFO - Sync 1 DAGs
[2026-04-29T20:42:46.389+0000] {logging_mixin.py:190} INFO - [2026-04-29T20:42:46.388+0000] {dag.py:4180} INFO - Setting next_dagrun for etl_pipeline to 2026-04-29 00:00:00+00:00, run_after=2026-04-30 00:00:00+00:00
[2026-04-29T20:42:46.428+0000] {processor.py:208} INFO - Processing /opt/airflow/dags/etl-dag.py took 1.664 seconds
[2026-04-29T20:43:16.858+0000] {processor.py:186} INFO - Started process (PID=1855) to work on /opt/airflow/dags/etl-dag.py
[2026-04-29T20:43:16.860+0000] {processor.py:914} INFO - Processing file /opt/airflow/dags/etl-dag.py for tasks to queue
[2026-04-29T20:43:16.863+0000] {logging_mixin.py:190} INFO - [2026-04-29T20:43:16.861+0000] {dagbag.py:588} INFO - Filling up the DagBag from /opt/airflow/dags/etl-dag.py
[2026-04-29T20:43:18.018+0000] {processor.py:925} INFO - DAG(s) 'etl_pipeline' retrieved from /opt/airflow/dags/etl-dag.py
[2026-04-29T20:43:18.134+0000] {logging_mixin.py:190} INFO - [2026-04-29T20:43:18.131+0000] {dag.py:3239} INFO - Sync 1 DAGs
[2026-04-29T20:43:18.172+0000] {logging_mixin.py:190} INFO - [2026-04-29T20:43:18.171+0000] {dag.py:4180} INFO - Setting next_dagrun for etl_pipeline to 2026-04-29 00:00:00+00:00, run_after=2026-04-30 00:00:00+00:00
[2026-04-29T20:43:18.199+0000] {processor.py:208} INFO - Processing /opt/airflow/dags/etl-dag.py took 1.354 seconds
[2026-04-29T20:43:48.546+0000] {processor.py:186} INFO - Started process (PID=1868) to work on /opt/airflow/dags/etl-dag.py
[2026-04-29T20:43:48.547+0000] {processor.py:914} INFO - Processing file /opt/airflow/dags/etl-dag.py for tasks to queue
[2026-04-29T20:43:48.549+0000] {logging_mixin.py:190} INFO - [2026-04-29T20:43:48.549+0000] {dagbag.py:588} INFO - Filling up the DagBag from /opt/airflow/dags/etl-dag.py
[2026-04-29T20:43:49.492+0000] {processor.py:925} INFO - DAG(s) 'etl_pipeline' retrieved from /opt/airflow/dags/etl-dag.py
[2026-04-29T20:43:49.581+0000] {logging_mixin.py:190} INFO - [2026-04-29T20:43:49.581+0000] {dag.py:3239} INFO - Sync 1 DAGs
[2026-04-29T20:43:49.603+0000] {logging_mixin.py:190} INFO - [2026-04-29T20:43:49.602+0000] {dag.py:4180} INFO - Setting next_dagrun for etl_pipeline to 2026-04-29 00:00:00+00:00, run_after=2026-04-30 00:00:00+00:00
[2026-04-29T20:43:49.628+0000] {processor.py:208} INFO - Processing /opt/airflow/dags/etl-dag.py took 1.095 seconds
[2026-04-29T20:44:19.939+0000] {processor.py:186} INFO - Started process (PID=1880) to work on /opt/airflow/dags/etl-dag.py
[2026-04-29T20:44:19.942+0000] {processor.py:914} INFO - Processing file /opt/airflow/dags/etl-dag.py for tasks to queue
[2026-04-29T20:44:19.947+0000] {logging_mixin.py:190} INFO - [2026-04-29T20:44:19.945+0000] {dagbag.py:588} INFO - Filling up the DagBag from /opt/airflow/dags/etl-dag.py
[2026-04-29T20:44:21.092+0000] {processor.py:925} INFO - DAG(s) 'etl_pipeline' retrieved from /opt/airflow/dags/etl-dag.py
[2026-04-29T20:44:21.160+0000] {logging_mixin.py:190} INFO - [2026-04-29T20:44:21.160+0000] {dag.py:3239} INFO - Sync 1 DAGs
[2026-04-29T20:44:21.181+0000] {logging_mixin.py:190} INFO - [2026-04-29T20:44:21.181+0000] {dag.py:4180} INFO - Setting next_dagrun for etl_pipeline to 2026-04-29 00:00:00+00:00, run_after=2026-04-30 00:00:00+00:00
[2026-04-29T20:44:21.207+0000] {processor.py:208} INFO - Processing /opt/airflow/dags/etl-dag.py took 1.277 seconds
[2026-04-29T20:44:51.352+0000] {processor.py:186} INFO - Started process (PID=1900) to work on /opt/airflow/dags/etl-dag.py
[2026-04-29T20:44:51.354+0000] {processor.py:914} INFO - Processing file /opt/airflow/dags/etl-dag.py for tasks to queue
[2026-04-29T20:44:51.356+0000] {logging_mixin.py:190} INFO - [2026-04-29T20:44:51.355+0000] {dagbag.py:588} INFO - Filling up the DagBag from /opt/airflow/dags/etl-dag.py
[2026-04-29T20:44:52.234+0000] {processor.py:925} INFO - DAG(s) 'etl_pipeline' retrieved from /opt/airflow/dags/etl-dag.py
[2026-04-29T20:44:52.319+0000] {logging_mixin.py:190} INFO - [2026-04-29T20:44:52.318+0000] {dag.py:3239} INFO - Sync 1 DAGs
[2026-04-29T20:44:52.340+0000] {logging_mixin.py:190} INFO - [2026-04-29T20:44:52.340+0000] {dag.py:4180} INFO - Setting next_dagrun for etl_pipeline to 2026-04-29 00:00:00+00:00, run_after=2026-04-30 00:00:00+00:00
[2026-04-29T20:44:52.362+0000] {processor.py:208} INFO - Processing /opt/airflow/dags/etl-dag.py took 1.017 seconds
[2026-04-29T20:45:22.824+0000] {processor.py:186} INFO - Started process (PID=1914) to work on /opt/airflow/dags/etl-dag.py
[2026-04-29T20:45:22.825+0000] {processor.py:914} INFO - Processing file /opt/airflow/dags/etl-dag.py for tasks to queue
[2026-04-29T20:45:22.827+0000] {logging_mixin.py:190} INFO - [2026-04-29T20:45:22.827+0000] {dagbag.py:588} INFO - Filling up the DagBag from /opt/airflow/dags/etl-dag.py
[2026-04-29T20:45:24.078+0000] {processor.py:925} INFO - DAG(s) 'etl_pipeline' retrieved from /opt/airflow/dags/etl-dag.py
[2026-04-29T20:45:24.205+0000] {logging_mixin.py:190} INFO - [2026-04-29T20:45:24.202+0000] {dag.py:3239} INFO - Sync 1 DAGs
[2026-04-29T20:45:24.233+0000] {logging_mixin.py:190} INFO - [2026-04-29T20:45:24.232+0000] {dag.py:4180} INFO - Setting next_dagrun for etl_pipeline to 2026-04-29 00:00:00+00:00, run_after=2026-04-30 00:00:00+00:00
[2026-04-29T20:45:24.269+0000] {processor.py:208} INFO - Processing /opt/airflow/dags/etl-dag.py took 1.454 seconds
[2026-04-29T20:45:54.662+0000] {processor.py:186} INFO - Started process (PID=1927) to work on /opt/airflow/dags/etl-dag.py
[2026-04-29T20:45:54.664+0000] {processor.py:914} INFO - Processing file /opt/airflow/dags/etl-dag.py for tasks to queue
[2026-04-29T20:45:54.667+0000] {logging_mixin.py:190} INFO - [2026-04-29T20:45:54.665+0000] {dagbag.py:588} INFO - Filling up the DagBag from /opt/airflow/dags/etl-dag.py
[2026-04-29T20:45:55.921+0000] {processor.py:925} INFO - DAG(s) 'etl_pipeline' retrieved from /opt/airflow/dags/etl-dag.py
[2026-04-29T20:45:56.055+0000] {logging_mixin.py:190} INFO - [2026-04-29T20:45:56.051+0000] {dag.py:3239} INFO - Sync 1 DAGs
[2026-04-29T20:45:56.081+0000] {logging_mixin.py:190} INFO - [2026-04-29T20:45:56.081+0000] {dag.py:4180} INFO - Setting next_dagrun for etl_pipeline to 2026-04-29 00:00:00+00:00, run_after=2026-04-30 00:00:00+00:00
[2026-04-29T20:45:56.106+0000] {processor.py:208} INFO - Processing /opt/airflow/dags/etl-dag.py took 1.455 seconds
[2026-04-29T20:47:34.171+0000] {processor.py:186} INFO - Started process (PID=196) to work on /opt/airflow/dags/etl-dag.py
[2026-04-29T20:47:34.175+0000] {processor.py:914} INFO - Processing file /opt/airflow/dags/etl-dag.py for tasks to queue
[2026-04-29T20:47:34.282+0000] {logging_mixin.py:190} INFO - [2026-04-29T20:47:34.274+0000] {dagbag.py:588} INFO - Filling up the DagBag from /opt/airflow/dags/etl-dag.py
[2026-04-29T20:47:39.553+0000] {processor.py:925} INFO - DAG(s) 'etl_pipeline' retrieved from /opt/airflow/dags/etl-dag.py
[2026-04-29T20:47:39.616+0000] {logging_mixin.py:190} INFO - [2026-04-29T20:47:39.615+0000] {dag.py:3239} INFO - Sync 1 DAGs
[2026-04-29T20:47:39.650+0000] {logging_mixin.py:190} INFO - [2026-04-29T20:47:39.649+0000] {dag.py:4180} INFO - Setting next_dagrun for etl_pipeline to 2026-04-29 00:00:00+00:00, run_after=2026-04-30 00:00:00+00:00
[2026-04-29T20:47:39.674+0000] {processor.py:208} INFO - Processing /opt/airflow/dags/etl-dag.py took 5.532 seconds
[2026-04-29T20:48:09.793+0000] {processor.py:186} INFO - Started process (PID=215) to work on /opt/airflow/dags/etl-dag.py
[2026-04-29T20:48:09.794+0000] {processor.py:914} INFO - Processing file /opt/airflow/dags/etl-dag.py for tasks to queue
[2026-04-29T20:48:09.799+0000] {logging_mixin.py:190} INFO - [2026-04-29T20:48:09.798+0000] {dagbag.py:588} INFO - Filling up the DagBag from /opt/airflow/dags/etl-dag.py
[2026-04-29T20:48:11.142+0000] {processor.py:925} INFO - DAG(s) 'etl_pipeline' retrieved from /opt/airflow/dags/etl-dag.py
[2026-04-29T20:48:11.168+0000] {logging_mixin.py:190} INFO - [2026-04-29T20:48:11.168+0000] {dag.py:3239} INFO - Sync 1 DAGs
[2026-04-29T20:48:11.187+0000] {logging_mixin.py:190} INFO - [2026-04-29T20:48:11.187+0000] {dag.py:4180} INFO - Setting next_dagrun for etl_pipeline to 2026-04-29 00:00:00+00:00, run_after=2026-04-30 00:00:00+00:00
[2026-04-29T20:48:11.211+0000] {processor.py:208} INFO - Processing /opt/airflow/dags/etl-dag.py took 1.423 seconds
[2026-04-29T20:48:41.353+0000] {processor.py:186} INFO - Started process (PID=229) to work on /opt/airflow/dags/etl-dag.py
[2026-04-29T20:48:41.354+0000] {processor.py:914} INFO - Processing file /opt/airflow/dags/etl-dag.py for tasks to queue
[2026-04-29T20:48:41.357+0000] {logging_mixin.py:190} INFO - [2026-04-29T20:48:41.356+0000] {dagbag.py:588} INFO - Filling up the DagBag from /opt/airflow/dags/etl-dag.py
[2026-04-29T20:48:42.462+0000] {processor.py:925} INFO - DAG(s) 'etl_pipeline' retrieved from /opt/airflow/dags/etl-dag.py
[2026-04-29T20:48:42.488+0000] {logging_mixin.py:190} INFO - [2026-04-29T20:48:42.488+0000] {dag.py:3239} INFO - Sync 1 DAGs
[2026-04-29T20:48:42.510+0000] {logging_mixin.py:190} INFO - [2026-04-29T20:48:42.509+0000] {dag.py:4180} INFO - Setting next_dagrun for etl_pipeline to 2026-04-29 00:00:00+00:00, run_after=2026-04-30 00:00:00+00:00
[2026-04-29T20:48:42.528+0000] {processor.py:208} INFO - Processing /opt/airflow/dags/etl-dag.py took 1.180 seconds
[2026-04-29T20:49:12.704+0000] {processor.py:186} INFO - Started process (PID=242) to work on /opt/airflow/dags/etl-dag.py
[2026-04-29T20:49:12.706+0000] {processor.py:914} INFO - Processing file /opt/airflow/dags/etl-dag.py for tasks to queue
[2026-04-29T20:49:12.708+0000] {logging_mixin.py:190} INFO - [2026-04-29T20:49:12.708+0000] {dagbag.py:588} INFO - Filling up the DagBag from /opt/airflow/dags/etl-dag.py
[2026-04-29T20:49:13.408+0000] {processor.py:925} INFO - DAG(s) 'etl_pipeline' retrieved from /opt/airflow/dags/etl-dag.py
[2026-04-29T20:49:13.436+0000] {logging_mixin.py:190} INFO - [2026-04-29T20:49:13.435+0000] {dag.py:3239} INFO - Sync 1 DAGs
[2026-04-29T20:49:13.457+0000] {logging_mixin.py:190} INFO - [2026-04-29T20:49:13.457+0000] {dag.py:4180} INFO - Setting next_dagrun for etl_pipeline to 2026-04-29 00:00:00+00:00, run_after=2026-04-30 00:00:00+00:00
[2026-04-29T20:49:13.474+0000] {processor.py:208} INFO - Processing /opt/airflow/dags/etl-dag.py took 0.776 seconds
[2026-04-29T20:49:43.820+0000] {processor.py:186} INFO - Started process (PID=255) to work on /opt/airflow/dags/etl-dag.py
[2026-04-29T20:49:43.822+0000] {processor.py:914} INFO - Processing file /opt/airflow/dags/etl-dag.py for tasks to queue
[2026-04-29T20:49:43.824+0000] {logging_mixin.py:190} INFO - [2026-04-29T20:49:43.824+0000] {dagbag.py:588} INFO - Filling up the DagBag from /opt/airflow/dags/etl-dag.py
[2026-04-29T20:49:44.329+0000] {processor.py:925} INFO - DAG(s) 'etl_pipeline' retrieved from /opt/airflow/dags/etl-dag.py
[2026-04-29T20:49:44.350+0000] {logging_mixin.py:190} INFO - [2026-04-29T20:49:44.350+0000] {dag.py:3239} INFO - Sync 1 DAGs
[2026-04-29T20:49:44.368+0000] {logging_mixin.py:190} INFO - [2026-04-29T20:49:44.368+0000] {dag.py:4180} INFO - Setting next_dagrun for etl_pipeline to 2026-04-29 00:00:00+00:00, run_after=2026-04-30 00:00:00+00:00
[2026-04-29T20:49:44.396+0000] {processor.py:208} INFO - Processing /opt/airflow/dags/etl-dag.py took 0.580 seconds
[2026-04-29T20:50:14.550+0000] {processor.py:186} INFO - Started process (PID=268) to work on /opt/airflow/dags/etl-dag.py
[2026-04-29T20:50:14.551+0000] {processor.py:914} INFO - Processing file /opt/airflow/dags/etl-dag.py for tasks to queue
[2026-04-29T20:50:14.554+0000] {logging_mixin.py:190} INFO - [2026-04-29T20:50:14.553+0000] {dagbag.py:588} INFO - Filling up the DagBag from /opt/airflow/dags/etl-dag.py
[2026-04-29T20:50:15.823+0000] {processor.py:925} INFO - DAG(s) 'etl_pipeline' retrieved from /opt/airflow/dags/etl-dag.py
[2026-04-29T20:50:15.864+0000] {logging_mixin.py:190} INFO - [2026-04-29T20:50:15.863+0000] {dag.py:3239} INFO - Sync 1 DAGs
[2026-04-29T20:50:15.901+0000] {logging_mixin.py:190} INFO - [2026-04-29T20:50:15.901+0000] {dag.py:4180} INFO - Setting next_dagrun for etl_pipeline to 2026-04-29 00:00:00+00:00, run_after=2026-04-30 00:00:00+00:00
[2026-04-29T20:50:15.937+0000] {processor.py:208} INFO - Processing /opt/airflow/dags/etl-dag.py took 1.396 seconds
[2026-04-29T20:50:46.105+0000] {processor.py:186} INFO - Started process (PID=299) to work on /opt/airflow/dags/etl-dag.py
[2026-04-29T20:50:46.108+0000] {processor.py:914} INFO - Processing file /opt/airflow/dags/etl-dag.py for tasks to queue
[2026-04-29T20:50:46.115+0000] {logging_mixin.py:190} INFO - [2026-04-29T20:50:46.115+0000] {dagbag.py:588} INFO - Filling up the DagBag from /opt/airflow/dags/etl-dag.py
[2026-04-29T20:50:48.742+0000] {processor.py:925} INFO - DAG(s) 'etl_pipeline' retrieved from /opt/airflow/dags/etl-dag.py
[2026-04-29T20:50:48.772+0000] {logging_mixin.py:190} INFO - [2026-04-29T20:50:48.772+0000] {dag.py:3239} INFO - Sync 1 DAGs
[2026-04-29T20:50:48.800+0000] {logging_mixin.py:190} INFO - [2026-04-29T20:50:48.800+0000] {dag.py:4180} INFO - Setting next_dagrun for etl_pipeline to 2026-04-29 00:00:00+00:00, run_after=2026-04-30 00:00:00+00:00
[2026-04-29T20:50:48.822+0000] {processor.py:208} INFO - Processing /opt/airflow/dags/etl-dag.py took 2.724 seconds
[2026-04-29T20:51:19.170+0000] {processor.py:186} INFO - Started process (PID=357) to work on /opt/airflow/dags/etl-dag.py
[2026-04-29T20:51:19.172+0000] {processor.py:914} INFO - Processing file /opt/airflow/dags/etl-dag.py for tasks to queue
[2026-04-29T20:51:19.175+0000] {logging_mixin.py:190} INFO - [2026-04-29T20:51:19.174+0000] {dagbag.py:588} INFO - Filling up the DagBag from /opt/airflow/dags/etl-dag.py
[2026-04-29T20:51:19.879+0000] {processor.py:925} INFO - DAG(s) 'etl_pipeline' retrieved from /opt/airflow/dags/etl-dag.py
[2026-04-29T20:51:19.897+0000] {logging_mixin.py:190} INFO - [2026-04-29T20:51:19.897+0000] {dag.py:3239} INFO - Sync 1 DAGs
[2026-04-29T20:51:19.912+0000] {logging_mixin.py:190} INFO - [2026-04-29T20:51:19.912+0000] {dag.py:4180} INFO - Setting next_dagrun for etl_pipeline to 2026-04-29 00:00:00+00:00, run_after=2026-04-30 00:00:00+00:00
[2026-04-29T20:51:19.929+0000] {processor.py:208} INFO - Processing /opt/airflow/dags/etl-dag.py took 0.766 seconds
[2026-04-29T20:51:50.277+0000] {processor.py:186} INFO - Started process (PID=369) to work on /opt/airflow/dags/etl-dag.py
[2026-04-29T20:51:50.279+0000] {processor.py:914} INFO - Processing file /opt/airflow/dags/etl-dag.py for tasks to queue
[2026-04-29T20:51:50.282+0000] {logging_mixin.py:190} INFO - [2026-04-29T20:51:50.282+0000] {dagbag.py:588} INFO - Filling up the DagBag from /opt/airflow/dags/etl-dag.py
[2026-04-29T20:51:51.122+0000] {processor.py:925} INFO - DAG(s) 'etl_pipeline' retrieved from /opt/airflow/dags/etl-dag.py
[2026-04-29T20:51:51.152+0000] {logging_mixin.py:190} INFO - [2026-04-29T20:51:51.152+0000] {dag.py:3239} INFO - Sync 1 DAGs
[2026-04-29T20:51:51.173+0000] {logging_mixin.py:190} INFO - [2026-04-29T20:51:51.173+0000] {dag.py:4180} INFO - Setting next_dagrun for etl_pipeline to 2026-04-29 00:00:00+00:00, run_after=2026-04-30 00:00:00+00:00
[2026-04-29T20:51:51.207+0000] {processor.py:208} INFO - Processing /opt/airflow/dags/etl-dag.py took 0.936 seconds
[2026-04-29T20:52:21.563+0000] {processor.py:186} INFO - Started process (PID=416) to work on /opt/airflow/dags/etl-dag.py
[2026-04-29T20:52:21.564+0000] {processor.py:914} INFO - Processing file /opt/airflow/dags/etl-dag.py for tasks to queue
[2026-04-29T20:52:21.567+0000] {logging_mixin.py:190} INFO - [2026-04-29T20:52:21.566+0000] {dagbag.py:588} INFO - Filling up the DagBag from /opt/airflow/dags/etl-dag.py
[2026-04-29T20:52:22.486+0000] {processor.py:925} INFO - DAG(s) 'etl_pipeline' retrieved from /opt/airflow/dags/etl-dag.py
[2026-04-29T20:52:22.523+0000] {logging_mixin.py:190} INFO - [2026-04-29T20:52:22.522+0000] {dag.py:3239} INFO - Sync 1 DAGs
[2026-04-29T20:52:22.544+0000] {logging_mixin.py:190} INFO - [2026-04-29T20:52:22.543+0000] {dag.py:4180} INFO - Setting next_dagrun for etl_pipeline to 2026-04-29 00:00:00+00:00, run_after=2026-04-30 00:00:00+00:00
[2026-04-29T20:52:22.569+0000] {processor.py:208} INFO - Processing /opt/airflow/dags/etl-dag.py took 1.013 seconds
[2026-04-29T20:52:52.968+0000] {processor.py:186} INFO - Started process (PID=458) to work on /opt/airflow/dags/etl-dag.py
[2026-04-29T20:52:52.969+0000] {processor.py:914} INFO - Processing file /opt/airflow/dags/etl-dag.py for tasks to queue
[2026-04-29T20:52:52.972+0000] {logging_mixin.py:190} INFO - [2026-04-29T20:52:52.972+0000] {dagbag.py:588} INFO - Filling up the DagBag from /opt/airflow/dags/etl-dag.py
[2026-04-29T20:52:53.918+0000] {processor.py:925} INFO - DAG(s) 'etl_pipeline' retrieved from /opt/airflow/dags/etl-dag.py
[2026-04-29T20:52:53.949+0000] {logging_mixin.py:190} INFO - [2026-04-29T20:52:53.948+0000] {dag.py:3239} INFO - Sync 1 DAGs
[2026-04-29T20:52:53.966+0000] {logging_mixin.py:190} INFO - [2026-04-29T20:52:53.966+0000] {dag.py:4180} INFO - Setting next_dagrun for etl_pipeline to 2026-04-29 00:00:00+00:00, run_after=2026-04-30 00:00:00+00:00
[2026-04-29T20:52:53.992+0000] {processor.py:208} INFO - Processing /opt/airflow/dags/etl-dag.py took 1.040 seconds
[2026-04-29T20:53:24.327+0000] {processor.py:186} INFO - Started process (PID=471) to work on /opt/airflow/dags/etl-dag.py
[2026-04-29T20:53:24.328+0000] {processor.py:914} INFO - Processing file /opt/airflow/dags/etl-dag.py for tasks to queue
[2026-04-29T20:53:24.330+0000] {logging_mixin.py:190} INFO - [2026-04-29T20:53:24.330+0000] {dagbag.py:588} INFO - Filling up the DagBag from /opt/airflow/dags/etl-dag.py
[2026-04-29T20:53:24.893+0000] {processor.py:925} INFO - DAG(s) 'etl_pipeline' retrieved from /opt/airflow/dags/etl-dag.py
[2026-04-29T20:53:24.909+0000] {logging_mixin.py:190} INFO - [2026-04-29T20:53:24.909+0000] {dag.py:3239} INFO - Sync 1 DAGs
[2026-04-29T20:53:24.925+0000] {logging_mixin.py:190} INFO - [2026-04-29T20:53:24.925+0000] {dag.py:4180} INFO - Setting next_dagrun for etl_pipeline to 2026-04-29 00:00:00+00:00, run_after=2026-04-30 00:00:00+00:00
[2026-04-29T20:53:24.943+0000] {processor.py:208} INFO - Processing /opt/airflow/dags/etl-dag.py took 0.621 seconds
[2026-04-29T20:53:55.309+0000] {processor.py:186} INFO - Started process (PID=484) to work on /opt/airflow/dags/etl-dag.py
[2026-04-29T20:53:55.311+0000] {processor.py:914} INFO - Processing file /opt/airflow/dags/etl-dag.py for tasks to queue
[2026-04-29T20:53:55.314+0000] {logging_mixin.py:190} INFO - [2026-04-29T20:53:55.314+0000] {dagbag.py:588} INFO - Filling up the DagBag from /opt/airflow/dags/etl-dag.py
[2026-04-29T20:53:55.905+0000] {processor.py:925} INFO - DAG(s) 'etl_pipeline' retrieved from /opt/airflow/dags/etl-dag.py
[2026-04-29T20:53:55.926+0000] {logging_mixin.py:190} INFO - [2026-04-29T20:53:55.925+0000] {dag.py:3239} INFO - Sync 1 DAGs
[2026-04-29T20:53:55.940+0000] {logging_mixin.py:190} INFO - [2026-04-29T20:53:55.940+0000] {dag.py:4180} INFO - Setting next_dagrun for etl_pipeline to 2026-04-29 00:00:00+00:00, run_after=2026-04-30 00:00:00+00:00
[2026-04-29T20:53:55.954+0000] {processor.py:208} INFO - Processing /opt/airflow/dags/etl-dag.py took 0.653 seconds
[2026-04-29T20:54:26.314+0000] {processor.py:186} INFO - Started process (PID=497) to work on /opt/airflow/dags/etl-dag.py
[2026-04-29T20:54:26.316+0000] {processor.py:914} INFO - Processing file /opt/airflow/dags/etl-dag.py for tasks to queue
[2026-04-29T20:54:26.318+0000] {logging_mixin.py:190} INFO - [2026-04-29T20:54:26.317+0000] {dagbag.py:588} INFO - Filling up the DagBag from /opt/airflow/dags/etl-dag.py
[2026-04-29T20:54:26.866+0000] {processor.py:925} INFO - DAG(s) 'etl_pipeline' retrieved from /opt/airflow/dags/etl-dag.py
[2026-04-29T20:54:26.886+0000] {logging_mixin.py:190} INFO - [2026-04-29T20:54:26.886+0000] {dag.py:3239} INFO - Sync 1 DAGs
[2026-04-29T20:54:26.902+0000] {logging_mixin.py:190} INFO - [2026-04-29T20:54:26.901+0000] {dag.py:4180} INFO - Setting next_dagrun for etl_pipeline to 2026-04-29 00:00:00+00:00, run_after=2026-04-30 00:00:00+00:00
[2026-04-29T20:54:26.922+0000] {processor.py:208} INFO - Processing /opt/airflow/dags/etl-dag.py took 0.612 seconds
[2026-04-29T20:54:57.329+0000] {processor.py:186} INFO - Started process (PID=510) to work on /opt/airflow/dags/etl-dag.py
[2026-04-29T20:54:57.330+0000] {processor.py:914} INFO - Processing file /opt/airflow/dags/etl-dag.py for tasks to queue
[2026-04-29T20:54:57.333+0000] {logging_mixin.py:190} INFO - [2026-04-29T20:54:57.332+0000] {dagbag.py:588} INFO - Filling up the DagBag from /opt/airflow/dags/etl-dag.py
[2026-04-29T20:54:57.905+0000] {processor.py:925} INFO - DAG(s) 'etl_pipeline' retrieved from /opt/airflow/dags/etl-dag.py
[2026-04-29T20:54:57.955+0000] {logging_mixin.py:190} INFO - [2026-04-29T20:54:57.954+0000] {dag.py:3239} INFO - Sync 1 DAGs
[2026-04-29T20:54:57.975+0000] {logging_mixin.py:190} INFO - [2026-04-29T20:54:57.975+0000] {dag.py:4180} INFO - Setting next_dagrun for etl_pipeline to 2026-04-29 00:00:00+00:00, run_after=2026-04-30 00:00:00+00:00
[2026-04-29T20:54:58.000+0000] {processor.py:208} INFO - Processing /opt/airflow/dags/etl-dag.py took 0.676 seconds
[2026-04-29T20:55:28.391+0000] {processor.py:186} INFO - Started process (PID=523) to work on /opt/airflow/dags/etl-dag.py
[2026-04-29T20:55:28.392+0000] {processor.py:914} INFO - Processing file /opt/airflow/dags/etl-dag.py for tasks to queue
[2026-04-29T20:55:28.395+0000] {logging_mixin.py:190} INFO - [2026-04-29T20:55:28.394+0000] {dagbag.py:588} INFO - Filling up the DagBag from /opt/airflow/dags/etl-dag.py
[2026-04-29T20:55:29.006+0000] {processor.py:925} INFO - DAG(s) 'etl_pipeline' retrieved from /opt/airflow/dags/etl-dag.py
[2026-04-29T20:55:29.084+0000] {logging_mixin.py:190} INFO - [2026-04-29T20:55:29.083+0000] {dag.py:3239} INFO - Sync 1 DAGs
[2026-04-29T20:55:29.129+0000] {logging_mixin.py:190} INFO - [2026-04-29T20:55:29.128+0000] {dag.py:4180} INFO - Setting next_dagrun for etl_pipeline to 2026-04-29 00:00:00+00:00, run_after=2026-04-30 00:00:00+00:00
[2026-04-29T20:55:29.402+0000] {processor.py:208} INFO - Processing /opt/airflow/dags/etl-dag.py took 1.019 seconds
[2026-04-29T20:55:59.759+0000] {processor.py:186} INFO - Started process (PID=536) to work on /opt/airflow/dags/etl-dag.py
[2026-04-29T20:55:59.761+0000] {processor.py:914} INFO - Processing file /opt/airflow/dags/etl-dag.py for tasks to queue
[2026-04-29T20:55:59.763+0000] {logging_mixin.py:190} INFO - [2026-04-29T20:55:59.763+0000] {dagbag.py:588} INFO - Filling up the DagBag from /opt/airflow/dags/etl-dag.py
[2026-04-29T20:56:00.712+0000] {processor.py:925} INFO - DAG(s) 'etl_pipeline' retrieved from /opt/airflow/dags/etl-dag.py
[2026-04-29T20:56:00.768+0000] {logging_mixin.py:190} INFO - [2026-04-29T20:56:00.768+0000] {dag.py:3239} INFO - Sync 1 DAGs
[2026-04-29T20:56:00.822+0000] {logging_mixin.py:190} INFO - [2026-04-29T20:56:00.822+0000] {dag.py:4180} INFO - Setting next_dagrun for etl_pipeline to 2026-04-29 00:00:00+00:00, run_after=2026-04-30 00:00:00+00:00
[2026-04-29T20:56:00.854+0000] {processor.py:208} INFO - Processing /opt/airflow/dags/etl-dag.py took 1.100 seconds
[2026-04-29T20:56:31.159+0000] {processor.py:186} INFO - Started process (PID=549) to work on /opt/airflow/dags/etl-dag.py
[2026-04-29T20:56:31.160+0000] {processor.py:914} INFO - Processing file /opt/airflow/dags/etl-dag.py for tasks to queue
[2026-04-29T20:56:31.164+0000] {logging_mixin.py:190} INFO - [2026-04-29T20:56:31.164+0000] {dagbag.py:588} INFO - Filling up the DagBag from /opt/airflow/dags/etl-dag.py
[2026-04-29T20:56:31.784+0000] {processor.py:925} INFO - DAG(s) 'etl_pipeline' retrieved from /opt/airflow/dags/etl-dag.py
[2026-04-29T20:56:31.801+0000] {logging_mixin.py:190} INFO - [2026-04-29T20:56:31.801+0000] {dag.py:3239} INFO - Sync 1 DAGs
[2026-04-29T20:56:31.816+0000] {logging_mixin.py:190} INFO - [2026-04-29T20:56:31.816+0000] {dag.py:4180} INFO - Setting next_dagrun for etl_pipeline to 2026-04-29 00:00:00+00:00, run_after=2026-04-30 00:00:00+00:00
[2026-04-29T20:56:31.835+0000] {processor.py:208} INFO - Processing /opt/airflow/dags/etl-dag.py took 0.683 seconds
[2026-04-29T20:57:02.193+0000] {processor.py:186} INFO - Started process (PID=562) to work on /opt/airflow/dags/etl-dag.py
[2026-04-29T20:57:02.194+0000] {processor.py:914} INFO - Processing file /opt/airflow/dags/etl-dag.py for tasks to queue
[2026-04-29T20:57:02.198+0000] {logging_mixin.py:190} INFO - [2026-04-29T20:57:02.197+0000] {dagbag.py:588} INFO - Filling up the DagBag from /opt/airflow/dags/etl-dag.py
[2026-04-29T20:57:03.229+0000] {processor.py:925} INFO - DAG(s) 'etl_pipeline' retrieved from /opt/airflow/dags/etl-dag.py
[2026-04-29T20:57:03.265+0000] {logging_mixin.py:190} INFO - [2026-04-29T20:57:03.265+0000] {dag.py:3239} INFO - Sync 1 DAGs
[2026-04-29T20:57:03.298+0000] {logging_mixin.py:190} INFO - [2026-04-29T20:57:03.298+0000] {dag.py:4180} INFO - Setting next_dagrun for etl_pipeline to 2026-04-29 00:00:00+00:00, run_after=2026-04-30 00:00:00+00:00
[2026-04-29T20:57:03.322+0000] {processor.py:208} INFO - Processing /opt/airflow/dags/etl-dag.py took 1.137 seconds
